live_object_path,status
/Scrapline/Imported/AfricanSlateQuarry/Materials/M_ASQ_Master.M_ASQ_Master,live registry discovered; load/slot validation required per use
/Scrapline/Imported/FactoryCurated/Materials/M_BaseMetal.M_BaseMetal,live registry discovered; load/slot validation required per use
/Scrapline/Imported/FactoryCurated/Materials/M_BaseGlass.M_BaseGlass,live registry discovered; load/slot validation required per use
/Scrapline/Imported/FactoryCurated/Materials/MI_BaseGlass01.MI_BaseGlass01,live registry discovered; load/slot validation required per use
/Scrapline/Imported/AfricanSlateQuarry/Curated/Textures/xckjajs/T_ASQ_xckjajs_Roughness.T_ASQ_xckjajs_Roughness,live registry discovered; load/slot validation required per use
/Scrapline/Imported/AfricanSlateQuarry/Curated/Textures/xckjajs/T_ASQ_xckjajs_AO.T_ASQ_xckjajs_AO,live registry discovered; load/slot validation required per use
/Scrapline/Imported/AfricanSlateQuarry/Curated/Textures/xckjajs/T_ASQ_xckjajs_BaseColor.T_ASQ_xckjajs_BaseColor,live registry discovered; load/slot validation required per use
/Scrapline/Imported/AfricanSlateQuarry/Curated/Textures/xckjajs/T_ASQ_xckjajs_Normal.T_ASQ_xckjajs_Normal,live registry discovered; load/slot validation required per use
/Scrapline/Imported/AfricanSlateQuarry/Curated/Materials/MI_ASQ_xckjajs.MI_ASQ_xckjajs,live registry discovered; load/slot validation required per use
/Scrapline/Imported/AfricanSlateQuarry/Curated/Meshes/ASQ_xckjajs.ASQ_xckjajs,live registry discovered; load/slot validation required per use
/Scrapline/Imported/AfricanSlateQuarry/Curated/Textures/xckjagi/T_ASQ_xckjagi_AO.T_ASQ_xckjagi_AO,live registry discovered; load/slot validation required per use
/Scrapline/Imported/AfricanSlateQuarry/Curated/Textures/xckjagi/T_ASQ_xckjagi_BaseColor.T_ASQ_xckjagi_BaseColor,live registry discovered; load/slot validation required per use
/Scrapline/Imported/AfricanSlateQuarry/Curated/Textures/xckjagi/T_ASQ_xckjagi_Normal.T_ASQ_xckjagi_Normal,live registry discovered; load/slot validation required per use
/Scrapline/Imported/AfricanSlateQuarry/Curated/Textures/xckifaf/T_ASQ_xckifaf_Roughness.T_ASQ_xckifaf_Roughness,live registry discovered; load/slot validation required per use
/Scrapline/Imported/AfricanSlateQuarry/Curated/Textures/xcghcfe/T_ASQ_xcghcfe_BaseColor.T_ASQ_xcghcfe_BaseColor,live registry discovered; load/slot validation required per use
/Scrapline/Imported/AfricanSlateQuarry/Curated/Textures/xcghcfe/T_ASQ_xcghcfe_AO.T_ASQ_xcghcfe_AO,live registry discovered; load/slot validation required per use
/Scrapline/Imported/AfricanSlateQuarry/Curated/Textures/xckjagi/T_ASQ_xckjagi_Roughness.T_ASQ_xckjagi_Roughness,live registry discovered; load/slot validation required per use
/Scrapline/Imported/AfricanSlateQuarry/Curated/Materials/MI_ASQ_xckjagi.MI_ASQ_xckjagi,live registry discovered; load/slot validation required per use
/Scrapline/Imported/AfricanSlateQuarry/Curated/Meshes/ASQ_xckjagi.ASQ_xckjagi,live registry discovered; load/slot validation required per use
/Scrapline/Imported/AfricanSlateQuarry/Curated/Textures/xcghcfe/T_ASQ_xcghcfe_Roughness.T_ASQ_xcghcfe_Roughness,live registry discovered; load/slot validation required per use
/Scrapline/Imported/AfricanSlateQuarry/Curated/Textures/xcghcfe/T_ASQ_xcghcfe_Normal.T_ASQ_xcghcfe_Normal,live registry discovered; load/slot validation required per use
/Scrapline/Imported/AfricanSlateQuarry/Curated/Materials/MI_ASQ_xcghcfe.MI_ASQ_xcghcfe,live registry discovered; load/slot validation required per use
/Scrapline/Imported/AfricanSlateQuarry/Curated/Meshes/ASQ_xcghcfe.ASQ_xcghcfe,live registry discovered; load/slot validation required per use
/Scrapline/Imported/AfricanSlateQuarry/Curated/Textures/xckifaf/T_ASQ_xckifaf_AO.T_ASQ_xckifaf_AO,live registry discovered; load/slot validation required per use
/Scrapline/Imported/AfricanSlateQuarry/Curated/Textures/xckifaf/T_ASQ_xckifaf_BaseColor.T_ASQ_xckifaf_BaseColor,live registry discovered; load/slot validation required per use
/Scrapline/Imported/AfricanSlateQuarry/Curated/Textures/xbtgah3/T_ASQ_xbtgah3_Roughness.T_ASQ_xbtgah3_Roughness,live registry discovered; load/slot validation required per use
/Scrapline/Imported/AfricanSlateQuarry/Curated/Textures/xcdeajb/T_ASQ_xcdeajb_AO.T_ASQ_xcdeajb_AO,live registry discovered; load/slot validation required per use
/Scrapline/Imported/AfricanSlateQuarry/Curated/Textures/xckifaf/T_ASQ_xckifaf_Normal.T_ASQ_xckifaf_Normal,live registry discovered; load/slot validation required per use
/Scrapline/Imported/AfricanSlateQuarry/Curated/Materials/MI_ASQ_xckifaf.MI_ASQ_xckifaf,live registry discovered; load/slot validation required per use
/Scrapline/Imported/AfricanSlateQuarry/Curated/Meshes/ASQ_xckifaf.ASQ_xckifaf,live registry discovered; load/slot validation required per use
/Scrapline/Imported/AfricanSlateQuarry/Curated/Textures/xbtgah3/T_ASQ_xbtgah3_BaseColor.T_ASQ_xbtgah3_BaseColor,live registry discovered; load/slot validation required per use
/Scrapline/Imported/AfricanSlateQuarry/Curated/Textures/xbtgah3/T_ASQ_xbtgah3_Normal.T_ASQ_xbtgah3_Normal,live registry discovered; load/slot validation required per use
/Scrapline/Imported/AfricanSlateQuarry/Curated/Textures/xcdeajb/T_ASQ_xcdeajb_Roughness.T_ASQ_xcdeajb_Roughness,live registry discovered; load/slot validation required per use
/Scrapline/Imported/AfricanSlateQuarry/Curated/Textures/xbtefbk/T_ASQ_xbtefbk_AO.T_ASQ_xbtefbk_AO,live registry discovered; load/slot validation required per use
/Scrapline/Imported/AfricanSlateQuarry/Curated/Textures/xcdeajb/T_ASQ_xcdeajb_Normal.T_ASQ_xcdeajb_Normal,live registry discovered; load/slot validation required per use
/Scrapline/Imported/AfricanSlateQuarry/Curated/Textures/xbtgah3/T_ASQ_xbtgah3_AO.T_ASQ_xbtgah3_AO,live registry discovered; load/slot validation required per use
/Scrapline/Imported/AfricanSlateQuarry/Curated/Materials/MI_ASQ_xbtgah3.MI_ASQ_xbtgah3,live registry discovered; load/slot validation required per use
/Scrapline/Imported/AfricanSlateQuarry/Curated/Meshes/ASQ_xbtgah3.ASQ_xbtgah3,live registry discovered; load/slot validation required per use
/Scrapline/Imported/AfricanSlateQuarry/Curated/Textures/xbtefbk/T_ASQ_xbtefbk_Normal.T_ASQ_xbtefbk_Normal,live registry discovered; load/slot validation required per use
/Scrapline/Imported/AfricanSlateQuarry/Curated/Textures/xcdeajb/T_ASQ_xcdeajb_BaseColor.T_ASQ_xcdeajb_BaseColor,live registry discovered; load/slot validation required per use
/Scrapline/Imported/AfricanSlateQuarry/Curated/Materials/MI_ASQ_xcdeajb.MI_ASQ_xcdeajb,live registry discovered; load/slot validation required per use
/Scrapline/Imported/AfricanSlateQuarry/Curated/Meshes/ASQ_xcdeajb.ASQ_xcdeajb,live registry discovered; load/slot validation required per use
/Scrapline/Imported/AfricanSlateQuarry/Curated/Textures/xbtefbk/T_ASQ_xbtefbk_BaseColor.T_ASQ_xbtefbk_BaseColor,live registry discovered; load/slot validation required per use
/Scrapline/Imported/AfricanSlateQuarry/Curated/Textures/xbtefbk/T_ASQ_xbtefbk_Roughness.T_ASQ_xbtefbk_Roughness,live registry discovered; load/slot validation required per use
/Scrapline/Imported/AfricanSlateQuarry/Curated/Materials/MI_ASQ_xbtefbk.MI_ASQ_xbtefbk,live registry discovered; load/slot validation required per use
/Scrapline/Imported/AfricanSlateQuarry/Curated/Meshes/ASQ_xbtefbk.ASQ_xbtefbk,live registry discovered; load/slot validation required per use
/Scrapline/Imported/AfricanSlateQuarry/Curated/Textures/xbrgfjp/T_ASQ_xbrgfjp_Roughness.T_ASQ_xbrgfjp_Roughness,live registry discovered; load/slot validation required per use
/Scrapline/Imported/AfricanSlateQuarry/Curated/Textures/xbrgfjp/T_ASQ_xbrgfjp_AO.T_ASQ_xbrgfjp_AO,live registry discovered; load/slot validation required per use
/Scrapline/Imported/AfricanSlateQuarry/Curated/Textures/xbrdfck/T_ASQ_xbrdfck_AO.T_ASQ_xbrdfck_AO,live registry discovered; load/slot validation required per use
/Scrapline/Imported/AfricanSlateQuarry/Curated/Textures/xbrgfjp/T_ASQ_xbrgfjp_Normal.T_ASQ_xbrgfjp_Normal,live registry discovered; load/slot validation required per use
/Scrapline/Imported/AfricanSlateQuarry/Curated/Textures/xbrdfck/T_ASQ_xbrdfck_Roughness.T_ASQ_xbrdfck_Roughness,live registry discovered; load/slot validation required per use
/Scrapline/Imported/AfricanSlateQuarry/Curated/Textures/xbrdfck/T_ASQ_xbrdfck_BaseColor.T_ASQ_xbrdfck_BaseColor,live registry discovered; load/slot validation required per use
/Scrapline/Imported/AfricanSlateQuarry/Curated/Textures/xbrgfjp/T_ASQ_xbrgfjp_BaseColor.T_ASQ_xbrgfjp_BaseColor,live registry discovered; load/slot validation required per use
/Scrapline/Imported/AfricanSlateQuarry/Curated/Materials/MI_ASQ_xbrgfjp.MI_ASQ_xbrgfjp,live registry discovered; load/slot validation required per use
/Scrapline/Imported/AfricanSlateQuarry/Curated/Meshes/ASQ_xbrgfjp.ASQ_xbrgfjp,live registry discovered; load/slot validation required per use
/Scrapline/Imported/AfricanSlateQuarry/Curated/Textures/xbnjbc3/T_ASQ_xbnjbc3_Roughness.T_ASQ_xbnjbc3_Roughness,live registry discovered; load/slot validation required per use
/Scrapline/Imported/AfricanSlateQuarry/Curated/Textures/xbnjbc3/T_ASQ_xbnjbc3_BaseColor.T_ASQ_xbnjbc3_BaseColor,live registry discovered; load/slot validation required per use
/Scrapline/Imported/AfricanSlateQuarry/Curated/Textures/xbnjbc3/T_ASQ_xbnjbc3_Normal.T_ASQ_xbnjbc3_Normal,live registry discovered; load/slot validation required per use
/Scrapline/Imported/AfricanSlateQuarry/Curated/Textures/xbnjbc3/T_ASQ_xbnjbc3_AO.T_ASQ_xbnjbc3_AO,live registry discovered; load/slot validation required per use
/Scrapline/Imported/AfricanSlateQuarry/Curated/Materials/MI_ASQ_xbnjbc3.MI_ASQ_xbnjbc3,live registry discovered; load/slot validation required per use
/Scrapline/Imported/AfricanSlateQuarry/Curated/Meshes/ASQ_xbnjbc3.ASQ_xbnjbc3,live registry discovered; load/slot validation required per use
/Scrapline/Imported/AfricanSlateQuarry/Curated/Textures/xbrdfck/T_ASQ_xbrdfck_Normal.T_ASQ_xbrdfck_Normal,live registry discovered; load/slot validation required per use
/Scrapline/Imported/AfricanSlateQuarry/Curated/Materials/MI_ASQ_xbrdfck.MI_ASQ_xbrdfck,live registry discovered; load/slot validation required per use
/Scrapline/Imported/AfricanSlateQuarry/Curated/Meshes/ASQ_xbrdfck.ASQ_xbrdfck,live registry discovered; load/slot validation required per use
/Scrapline/Imported/AfricanSlateQuarry/Curated/Textures/xbnhajp/T_ASQ_xbnhajp_Normal.T_ASQ_xbnhajp_Normal,live registry discovered; load/slot validation required per use
/Scrapline/Imported/AfricanSlateQuarry/Curated/Textures/xbnhajp/T_ASQ_xbnhajp_AO.T_ASQ_xbnhajp_AO,live registry discovered; load/slot validation required per use
/Scrapline/Imported/AfricanSlateQuarry/Curated/Textures/xbnhajp/T_ASQ_xbnhajp_Roughness.T_ASQ_xbnhajp_Roughness,live registry discovered; load/slot validation required per use
/Scrapline/Imported/AfricanSlateQuarry/Curated/Textures/xbnhajp/T_ASQ_xbnhajp_BaseColor.T_ASQ_xbnhajp_BaseColor,live registry discovered; load/slot validation required per use
/Scrapline/Imported/AfricanSlateQuarry/Curated/Materials/MI_ASQ_xbnhajp.MI_ASQ_xbnhajp,live registry discovered; load/slot validation required per use
/Scrapline/Imported/AfricanSlateQuarry/Curated/Meshes/ASQ_xbnhajp.ASQ_xbnhajp,live registry discovered; load/slot validation required per use
/Scrapline/Imported/AfricanSlateQuarry/Curated/Textures/xblhegj/T_ASQ_xblhegj_Roughness.T_ASQ_xblhegj_Roughness,live registry discovered; load/slot validation required per use
/Scrapline/Imported/AfricanSlateQuarry/Curated/Textures/xblhegj/T_ASQ_xblhegj_AO.T_ASQ_xblhegj_AO,live registry discovered; load/slot validation required per use
/Scrapline/Imported/AfricanSlateQuarry/Curated/Textures/xblhegj/T_ASQ_xblhegj_Normal.T_ASQ_xblhegj_Normal,live registry discovered; load/slot validation required per use
/Scrapline/Imported/AfricanSlateQuarry/Curated/Textures/xbkndhe/T_ASQ_xbkndhe_AO.T_ASQ_xbkndhe_AO,live registry discovered; load/slot validation required per use
/Scrapline/Imported/AfricanSlateQuarry/Curated/Textures/xblhegj/T_ASQ_xblhegj_BaseColor.T_ASQ_xblhegj_BaseColor,live registry discovered; load/slot validation required per use
/Scrapline/Imported/AfricanSlateQuarry/Curated/Materials/MI_ASQ_xblhegj.MI_ASQ_xblhegj,live registry discovered; load/slot validation required per use
/Scrapline/Imported/AfricanSlateQuarry/Curated/Meshes/ASQ_xblhegj.ASQ_xblhegj,live registry discovered; load/slot validation required per use
/Scrapline/Imported/AfricanSlateQuarry/Curated/Textures/xbkndhe/T_ASQ_xbkndhe_Roughness.T_ASQ_xbkndhe_Roughness,live registry discovered; load/slot validation required per use
/Scrapline/Imported/AfricanSlateQuarry/Curated/Textures/xbkndhe/T_ASQ_xbkndhe_Normal.T_ASQ_xbkndhe_Normal,live registry discovered; load/slot validation required per use
/Scrapline/Imported/AfricanSlateQuarry/Curated/Textures/xb5gfgm/T_ASQ_xb5gfgm_Normal.T_ASQ_xb5gfgm_Normal,live registry discovered; load/slot validation required per use
/Scrapline/Imported/AfricanSlateQuarry/Curated/Textures/xbkgcc1/T_ASQ_xbkgcc1_Roughness.T_ASQ_xbkgcc1_Roughness,live registry discovered; load/slot validation required per use
/Scrapline/Imported/AfricanSlateQuarry/Curated/Textures/xbkgdbu/T_ASQ_xbkgdbu_Normal.T_ASQ_xbkgdbu_Normal,live registry discovered; load/slot validation required per use
/Scrapline/Imported/AfricanSlateQuarry/Curated/Textures/xbkgcc1/T_ASQ_xbkgcc1_Normal.T_ASQ_xbkgcc1_Normal,live registry discovered; load/slot validation required per use
/Scrapline/Imported/AfricanSlateQuarry/Curated/Textures/xbkgdbu/T_ASQ_xbkgdbu_AO.T_ASQ_xbkgdbu_AO,live registry discovered; load/slot validation required per use
/Scrapline/Imported/AfricanSlateQuarry/Curated/Textures/xbkgdbu/T_ASQ_xbkgdbu_Roughness.T_ASQ_xbkgdbu_Roughness,live registry discovered; load/slot validation required per use
/Scrapline/Imported/AfricanSlateQuarry/Curated/Textures/xb5gfgm/T_ASQ_xb5gfgm_BaseColor.T_ASQ_xb5gfgm_BaseColor,live registry discovered; load/slot validation required per use
/Scrapline/Imported/AfricanSlateQuarry/Curated/Textures/xbkgcc1/T_ASQ_xbkgcc1_AO.T_ASQ_xbkgcc1_AO,live registry discovered; load/slot validation required per use
/Scrapline/Imported/AfricanSlateQuarry/Curated/Textures/xbkndhe/T_ASQ_xbkndhe_BaseColor.T_ASQ_xbkndhe_BaseColor,live registry discovered; load/slot validation required per use
/Scrapline/Imported/AfricanSlateQuarry/Curated/Materials/MI_ASQ_xbkndhe.MI_ASQ_xbkndhe,live registry discovered; load/slot validation required per use
/Scrapline/Imported/AfricanSlateQuarry/Curated/Meshes/ASQ_xbkndhe.ASQ_xbkndhe,live registry discovered; load/slot validation required per use
/Scrapline/Imported/AfricanSlateQuarry/Curated/Textures/xbkgcc1/T_ASQ_xbkgcc1_BaseColor.T_ASQ_xbkgcc1_BaseColor,live registry discovered; load/slot validation required per use
/Scrapline/Imported/AfricanSlateQuarry/Curated/Materials/MI_ASQ_xbkgcc1.MI_ASQ_xbkgcc1,live registry discovered; load/slot validation required per use
/Scrapline/Imported/AfricanSlateQuarry/Curated/Meshes/ASQ_xbkgcc1.ASQ_xbkgcc1,live registry discovered; load/slot validation required per use
/Scrapline/Imported/AfricanSlateQuarry/Curated/Textures/xb5gfgm/T_ASQ_xb5gfgm_AO.T_ASQ_xb5gfgm_AO,live registry discovered; load/slot validation required per use
/Scrapline/Imported/AfricanSlateQuarry/Curated/Textures/xbkgdbu/T_ASQ_xbkgdbu_BaseColor.T_ASQ_xbkgdbu_BaseColor,live registry discovered; load/slot validation required per use
/Scrapline/Imported/AfricanSlateQuarry/Curated/Materials/MI_ASQ_xbkgdbu.MI_ASQ_xbkgdbu,live registry discovered; load/slot validation required per use
/Scrapline/Imported/AfricanSlateQuarry/Curated/Meshes/ASQ_xbkgdbu.ASQ_xbkgdbu,live registry discovered; load/slot validation required per use
/Scrapline/Imported/AfricanSlateQuarry/Curated/Textures/xb5gbjo/T_ASQ_xb5gbjo_AO.T_ASQ_xb5gbjo_AO,live registry discovered; load/slot validation required per use
/Scrapline/Imported/AfricanSlateQuarry/Curated/Textures/xb5gfgm/T_ASQ_xb5gfgm_Roughness.T_ASQ_xb5gfgm_Roughness,live registry discovered; load/slot validation required per use
/Scrapline/Imported/AfricanSlateQuarry/Curated/Materials/MI_ASQ_xb5gfgm.MI_ASQ_xb5gfgm,live registry discovered; load/slot validation required per use
/Scrapline/Imported/AfricanSlateQuarry/Curated/Meshes/ASQ_xb5gfgm.ASQ_xb5gfgm,live registry discovered; load/slot validation required per use
/Scrapline/Imported/FactoryCurated/Textures/T_LampSet_01_BC.T_LampSet_01_BC,live registry discovered; load/slot validation required per use
/Scrapline/Imported/AfricanSlateQuarry/Curated/Textures/xb5gbjo/T_ASQ_xb5gbjo_Roughness.T_ASQ_xb5gbjo_Roughness,live registry discovered; load/slot validation required per use
/Scrapline/Imported/AfricanSlateQuarry/Curated/Textures/xb5gbjo/T_ASQ_xb5gbjo_BaseColor.T_ASQ_xb5gbjo_BaseColor,live registry discovered; load/slot validation required per use
/Scrapline/Imported/FactoryCurated/Textures/T_LampSet_01_E.T_LampSet_01_E,live registry discovered; load/slot validation required per use
/Scrapline/Imported/AfricanSlateQuarry/Curated/Textures/xb5gbjo/T_ASQ_xb5gbjo_Normal.T_ASQ_xb5gbjo_Normal,live registry discovered; load/slot validation required per use
/Scrapline/Imported/AfricanSlateQuarry/Curated/Materials/MI_ASQ_xb5gbjo.MI_ASQ_xb5gbjo,live registry discovered; load/slot validation required per use
/Scrapline/Imported/AfricanSlateQuarry/Curated/Meshes/ASQ_xb5gbjo.ASQ_xb5gbjo,live registry discovered; load/slot validation required per use
/Scrapline/Imported/AfricanSlateQuarry/Curated/Textures/xb5ebhf/T_ASQ_xb5ebhf_Normal.T_ASQ_xb5ebhf_Normal,live registry discovered; load/slot validation required per use
/Scrapline/Imported/AfricanSlateQuarry/Curated/Textures/xb5ebhf/T_ASQ_xb5ebhf_AO.T_ASQ_xb5ebhf_AO,live registry discovered; load/slot validation required per use
/Scrapline/Imported/AfricanSlateQuarry/Curated/Textures/xb5ebhf/T_ASQ_xb5ebhf_Roughness.T_ASQ_xb5ebhf_Roughness,live registry discovered; load/slot validation required per use
/Scrapline/Imported/AfricanSlateQuarry/Curated/Textures/xb5ebhf/T_ASQ_xb5ebhf_BaseColor.T_ASQ_xb5ebhf_BaseColor,live registry discovered; load/slot validation required per use
/Scrapline/Imported/AfricanSlateQuarry/Curated/Materials/MI_ASQ_xb5ebhf.MI_ASQ_xb5ebhf,live registry discovered; load/slot validation required per use
/Scrapline/Imported/AfricanSlateQuarry/Curated/Meshes/ASQ_xb5ebhf.ASQ_xb5ebhf,live registry discovered; load/slot validation required per use
/Scrapline/Imported/FactoryCurated/Textures/T_LampSet_01_ORM.T_LampSet_01_ORM,live registry discovered; load/slot validation required per use
/Scrapline/Imported/FactoryCurated/Textures/T_LargeWindows_MSK.T_LargeWindows_MSK,live registry discovered; load/slot validation required per use
/Scrapline/Imported/FactoryCurated/Textures/T_ForkLift_Emissive.T_ForkLift_Emissive,live registry discovered; load/slot validation required per use
/Scrapline/Imported/FactoryCurated/Textures/T_LargeWindows_N.T_LargeWindows_N,live registry discovered; load/slot validation required per use
/Scrapline/Imported/FactoryCurated/Textures/T_ConcretePillar01_ORM.T_ConcretePillar01_ORM,live registry discovered; load/slot validation required per use
/Scrapline/Imported/FactoryCurated/Textures/T_Metalbeam01_BC.T_Metalbeam01_BC,live registry discovered; load/slot validation required per use
/Scrapline/Imported/FactoryCurated/Textures/T_LargeWindows_BC.T_LargeWindows_BC,live registry discovered; load/slot validation required per use
/Scrapline/Imported/FactoryCurated/Textures/T_Metalbeam01_MSK.T_Metalbeam01_MSK,live registry discovered; load/slot validation required per use
/Scrapline/Imported/FactoryCurated/Textures/T_ForkLift_N.T_ForkLift_N,live registry discovered; load/slot validation required per use
/Scrapline/Imported/FactoryCurated/Textures/T_Metalbeam01_ORM.T_Metalbeam01_ORM,live registry discovered; load/slot validation required per use
/Scrapline/Imported/FactoryCurated/Textures/T_LargeWindows_ORM.T_LargeWindows_ORM,live registry discovered; load/slot validation required per use
/Scrapline/Imported/FactoryCurated/Textures/T_ForkLift_BC.T_ForkLift_BC,live registry discovered; load/slot validation required per use
/Scrapline/Imported/FactoryCurated/Textures/T_LampSet_01_N.T_LampSet_01_N,live registry discovered; load/slot validation required per use
/Scrapline/Imported/FactoryCurated/Materials/M_LampSet_01.M_LampSet_01,live registry discovered; load/slot validation required per use
/Scrapline/Imported/FactoryCurated/Textures/T_LargeWindows_E.T_LargeWindows_E,live registry discovered; load/slot validation required per use
/Scrapline/Imported/FactoryCurated/Materials/M_BaseMaterial_Emissive.M_BaseMaterial_Emissive,live registry discovered; load/slot validation required per use
/Scrapline/Imported/FactoryCurated/Textures/T_ConcretePillar01_BC.T_ConcretePillar01_BC,live registry discovered; load/slot validation required per use
/Scrapline/Imported/FactoryCurated/Textures/T_ConcretePillar01_N.T_ConcretePillar01_N,live registry discovered; load/slot validation required per use
/Scrapline/Imported/FactoryCurated/Materials/M_ConcretePillar01_Master.M_ConcretePillar01_Master,live registry discovered; load/slot validation required per use
/Scrapline/Imported/FactoryCurated/Textures/T_ForkLift_ORM.T_ForkLift_ORM,live registry discovered; load/slot validation required per use
/Scrapline/Imported/FactoryCurated/Materials/MI_ForkLift2.MI_ForkLift2,live registry discovered; load/slot validation required per use
/Scrapline/Imported/FactoryCurated/Textures/T_AssemblyLineRoll01_BC.T_AssemblyLineRoll01_BC,live registry discovered; load/slot validation required per use
/Scrapline/Imported/FactoryCurated/Textures/T_Metalbeam01_N.T_Metalbeam01_N,live registry discovered; load/slot validation required per use
/Scrapline/Imported/FactoryCurated/Materials/M_3ColorsMaskBase.M_3ColorsMaskBase,live registry discovered; load/slot validation required per use
/Scrapline/Imported/FactoryCurated/Materials/M_BaseMaterial.M_BaseMaterial,live registry discovered; load/slot validation required per use
/Scrapline/Imported/FactoryCurated/Textures/T_RecyclingMachine01_E.T_RecyclingMachine01_E,live registry discovered; load/slot validation required per use
/Scrapline/Imported/FactoryCurated/Textures/T_AssemblyLineRoll01_N.T_AssemblyLineRoll01_N,live registry discovered; load/slot validation required per use
/Scrapline/Imported/FactoryCurated/Textures/T_AssemblyLineRoll01_ORM.T_AssemblyLineRoll01_ORM,live registry discovered; load/slot validation required per use
/Scrapline/Imported/FactoryCurated/Materials/M_3ColorsMaskBase_Unique.M_3ColorsMaskBase_Unique,live registry discovered; load/slot validation required per use
/Scrapline/Imported/FactoryCurated/Materials/Mi_3ColorsMaskBase_UniqueForward.Mi_3ColorsMaskBase_UniqueForward,live registry discovered; load/slot validation required per use
/Scrapline/Imported/FactoryCurated/Materials/Mi_3ColorsMaskBase_Unique_Front.Mi_3ColorsMaskBase_Unique_Front,live registry discovered; load/slot validation required per use
/Scrapline/Imported/FactoryCurated/Textures/T_RecyclingMachine01_N.T_RecyclingMachine01_N,live registry discovered; load/slot validation required per use
/Scrapline/Imported/FactoryCurated/Textures/T_ElectricalSupply_Details_Emissive.T_ElectricalSupply_Details_Emissive,live registry discovered; load/slot validation required per use
/Scrapline/Imported/FactoryCurated/Textures/T_Engine_ORM.T_Engine_ORM,live registry discovered; load/slot validation required per use
/Scrapline/Imported/FactoryCurated/Textures/T_RecyclingMachine01_ORM.T_RecyclingMachine01_ORM,live registry discovered; load/slot validation required per use
/Scrapline/Imported/FactoryCurated/Textures/T_Engine_BC.T_Engine_BC,live registry discovered; load/slot validation required per use
/Scrapline/Imported/FactoryCurated/Textures/T_FireEquipmentBox01_ORM.T_FireEquipmentBox01_ORM,live registry discovered; load/slot validation required per use
/Scrapline/Imported/FactoryCurated/Textures/T_ElectricMotor01_ORM.T_ElectricMotor01_ORM,live registry discovered; load/slot validation required per use
/Scrapline/Imported/FactoryCurated/Textures/T_ElectricMotor01_N.T_ElectricMotor01_N,live registry discovered; load/slot validation required per use
/Scrapline/Imported/FactoryCurated/Textures/T_ElectricMotor01_MSK.T_ElectricMotor01_MSK,live registry discovered; load/slot validation required per use
/Scrapline/Imported/FactoryCurated/Textures/T_ElectricalSupply_Details_BC.T_ElectricalSupply_Details_BC,live registry discovered; load/slot validation required per use
/Scrapline/Imported/FactoryCurated/Textures/T_Engine_N.T_Engine_N,live registry discovered; load/slot validation required per use
/Scrapline/Imported/FactoryCurated/Materials/MI_TruckEngine.MI_TruckEngine,live registry discovered; load/slot validation required per use
/Scrapline/Imported/FactoryCurated/Textures/T_FireEquipmentBox01_N.T_FireEquipmentBox01_N,live registry discovered; load/slot validation required per use
/Scrapline/Imported/FactoryCurated/Textures/T_ForkLiftDetails_N.T_ForkLiftDetails_N,live registry discovered; load/slot validation required per use
/Scrapline/Imported/FactoryCurated/Textures/T_FireEquipmentBox01_BC.T_FireEquipmentBox01_BC,live registry discovered; load/slot validation required per use
/Scrapline/Imported/FactoryCurated/Materials/MI_FireEquipmentBox.MI_FireEquipmentBox,live registry discovered; load/slot validation required per use
/Scrapline/Imported/FactoryCurated/Textures/T_ForkLiftDetails_BC.T_ForkLiftDetails_BC,live registry discovered; load/slot validation required per use
/Scrapline/Imported/FactoryCurated/Textures/T_ElectricalSupply_Details_ORM.T_ElectricalSupply_Details_ORM,live registry discovered; load/slot validation required per use
/Scrapline/Imported/FactoryCurated/Textures/T_RecyclingMachine01_BC.T_RecyclingMachine01_BC,live registry discovered; load/slot validation required per use
/Scrapline/Imported/FactoryCurated/Materials/MI_RecyclingMachine01.MI_RecyclingMachine01,live registry discovered; load/slot validation required per use
/Scrapline/Imported/FactoryCurated/Meshes/SM_RecyclingMachine01.SM_RecyclingMachine01,live registry discovered; load/slot validation required per use
/Scrapline/Imported/FactoryCurated/Textures/T_ElectricalSupply_Details_N.T_ElectricalSupply_Details_N,live registry discovered; load/slot validation required per use
/Scrapline/Imported/FactoryCurated/Materials/MI_ElectricalSupply_Details.MI_ElectricalSupply_Details,live registry discovered; load/slot validation required per use
/Scrapline/Imported/FactoryCurated/Textures/T_ForkLiftDetails_ORM.T_ForkLiftDetails_ORM,live registry discovered; load/slot validation required per use
/Scrapline/Imported/FactoryCurated/Materials/MI_ForkLiftDetails.MI_ForkLiftDetails,live registry discovered; load/slot validation required per use
/Scrapline/Imported/FactoryCurated/Meshes/SM_ForkLift.SM_ForkLift,live registry discovered; load/slot validation required per use
/Scrapline/Imported/FactoryCurated/Textures/T_ElectricalSupply_N.T_ElectricalSupply_N,live registry discovered; load/slot validation required per use
/Scrapline/Imported/FactoryCurated/Textures/T_ElectricalSupply_ORM.T_ElectricalSupply_ORM,live registry discovered; load/slot validation required per use
/Scrapline/Imported/FactoryCurated/Textures/T_ElectricalBox_BC.T_ElectricalBox_BC,live registry discovered; load/slot validation required per use
/Scrapline/Imported/FactoryCurated/Textures/T_ElectricalBox_ORM.T_ElectricalBox_ORM,live registry discovered; load/slot validation required per use
/Scrapline/Imported/FactoryCurated/Textures/T_ElectricalSupply_BC.T_ElectricalSupply_BC,live registry discovered; load/slot validation required per use
/Scrapline/Imported/FactoryCurated/Materials/MI_ElectricalSupply.MI_ElectricalSupply,live registry discovered; load/slot validation required per use
/Scrapline/Imported/FactoryCurated/Meshes/SM_ElectricalSupply_Switchboard01.SM_ElectricalSupply_Switchboard01,live registry discovered; load/slot validation required per use
/Scrapline/Imported/FactoryCurated/Textures/T_CraneCabin01_N.T_CraneCabin01_N,live registry discovered; load/slot validation required per use
/Scrapline/Imported/FactoryCurated/Textures/T_CraneCabin01_BC.T_CraneCabin01_BC,live registry discovered; load/slot validation required per use
/Scrapline/Imported/FactoryCurated/Textures/T_CraneCabin01_Mask.T_CraneCabin01_Mask,live registry discovered; load/slot validation required per use
/Scrapline/Imported/FactoryCurated/Textures/T_CraneCabin01_ORM.T_CraneCabin01_ORM,live registry discovered; load/slot validation required per use
/Scrapline/Imported/FactoryCurated/Materials/MI_Cranecabin01.MI_Cranecabin01,live registry discovered; load/slot validation required per use
/Scrapline/Imported/FactoryCurated/Meshes/Crane/SM_CraneCabin01.SM_CraneCabin01,live registry discovered; load/slot validation required per use
/Scrapline/Imported/FactoryCurated/Textures/T_ElectricalBox_N.T_ElectricalBox_N,live registry discovered; load/slot validation required per use
/Scrapline/Imported/FactoryCurated/Materials/MI_ElectricalBox_01.MI_ElectricalBox_01,live registry discovered; load/slot validation required per use
/Scrapline/Imported/FactoryCurated/Meshes/SM_ElectricalPanel_01.SM_ElectricalPanel_01,live registry discovered; load/slot validation required per use
/Scrapline/Imported/FactoryCurated/Textures/T_ElectricMotor01_BC.T_ElectricMotor01_BC,live registry discovered; load/slot validation required per use
/Scrapline/Imported/FactoryCurated/Materials/MI_ElectricMotor01.MI_ElectricMotor01,live registry discovered; load/slot validation required per use
/Scrapline/Imported/FactoryCurated/Meshes/Crane/SM_CraneCable01.SM_CraneCable01,live registry discovered; load/slot validation required per use
/Scrapline/Imported/FactoryCurated/Textures/T_Crane01_BC.T_Crane01_BC,live registry discovered; load/slot validation required per use
/Scrapline/Imported/FactoryCurated/Textures/T_Crane01_MSK.T_Crane01_MSK,live registry discovered; load/slot validation required per use
/Scrapline/Imported/FactoryCurated/Textures/T_AsseblyLineDecals_E.T_AsseblyLineDecals_E,live registry discovered; load/slot validation required per use
/Scrapline/Imported/FactoryCurated/Textures/T_AsseblyLineDecals_MSK.T_AsseblyLineDecals_MSK,live registry discovered; load/slot validation required per use
/Scrapline/Imported/FactoryCurated/Textures/T_Crane01_ORM.T_Crane01_ORM,live registry discovered; load/slot validation required per use
/Scrapline/Imported/FactoryCurated/Textures/T_AssemLine_DeskControl_MSK.T_AssemLine_DeskControl_MSK,live registry discovered; load/slot validation required per use
/Scrapline/Imported/FactoryCurated/Textures/T_AssemLine_DeskControl_E.T_AssemLine_DeskControl_E,live registry discovered; load/slot validation required per use
/Scrapline/Imported/FactoryCurated/Textures/T_ContainerEngine_N.T_ContainerEngine_N,live registry discovered; load/slot validation required per use
/Scrapline/Imported/FactoryCurated/Textures/T_ContainerEngine_MSK.T_ContainerEngine_MSK,live registry discovered; load/slot validation required per use
/Scrapline/Imported/FactoryCurated/Textures/T_ContainerEngine_ORM.T_ContainerEngine_ORM,live registry discovered; load/slot validation required per use
/Scrapline/Imported/FactoryCurated/Textures/T_AssemLine_DeskControl_BC.T_AssemLine_DeskControl_BC,live registry discovered; load/slot validation required per use
/Scrapline/Imported/FactoryCurated/Textures/T_Crane01_N.T_Crane01_N,live registry discovered; load/slot validation required per use
/Scrapline/Imported/FactoryCurated/Materials/MI_Crane01.MI_Crane01,live registry discovered; load/slot validation required per use
/Scrapline/Imported/FactoryCurated/Meshes/Crane/SM_Crane01.SM_Crane01,live registry discovered; load/slot validation required per use
/Scrapline/Imported/FactoryCurated/Textures/T_AssemLine_DeskControl_ORM.T_AssemLine_DeskControl_ORM,live registry discovered; load/slot validation required per use
/Scrapline/Imported/FactoryCurated/Textures/T_Container01_BC.T_Container01_BC,live registry discovered; load/slot validation required per use
/Scrapline/Imported/FactoryCurated/Textures/T_AsseblyLineDecals_N.T_AsseblyLineDecals_N,live registry discovered; load/slot validation required per use
/Scrapline/Imported/FactoryCurated/Textures/T_ContainerEngine_BC.T_ContainerEngine_BC,live registry discovered; load/slot validation required per use
/Scrapline/Imported/FactoryCurated/Materials/MI_ContainerEngine.MI_ContainerEngine,live registry discovered; load/slot validation required per use
/Scrapline/Imported/FactoryCurated/Meshes/SM_EngineWithContainer.SM_EngineWithContainer,live registry discovered; load/slot validation required per use
/Scrapline/Imported/FactoryCurated/Textures/T_AsseblyLineDecals_BC.T_AsseblyLineDecals_BC,live registry discovered; load/slot validation required per use
/Scrapline/Imported/FactoryCurated/Textures/T_Container01_Mask.T_Container01_Mask,live registry discovered; load/slot validation required per use
/Scrapline/Imported/FactoryCurated/Textures/T_Container01_N.T_Container01_N,live registry discovered; load/slot validation required per use
/Scrapline/Imported/FactoryCurated/Textures/T_AsseblyLineDecals_ORM.T_AsseblyLineDecals_ORM,live registry discovered; load/slot validation required per use
/Scrapline/Imported/FactoryCurated/Materials/MI_AssemLine_Decals.MI_AssemLine_Decals,live registry discovered; load/slot validation required per use
/Scrapline/Imported/FactoryCurated/Textures/T_AssemLine_DeskControl_N.T_AssemLine_DeskControl_N,live registry discovered; load/slot validation required per use
/Scrapline/Imported/FactoryCurated/Materials/MI_AssemLine_DeskControl.MI_AssemLine_DeskControl,live registry discovered; load/slot validation required per use
/Scrapline/Imported/FactoryCurated/Meshes/SM_AssemblyLineControl01.SM_AssemblyLineControl01,live registry discovered; load/slot validation required per use
/Scrapline/Imported/FactoryCurated/Textures/T_AssemblyLine01_N.T_AssemblyLine01_N,live registry discovered; load/slot validation required per use
/Scrapline/Imported/FactoryCurated/Textures/T_AssemblyLine01_BC.T_AssemblyLine01_BC,live registry discovered; load/slot validation required per use
/Scrapline/Imported/FactoryCurated/Textures/T_AssemblyLine01_ORM.T_AssemblyLine01_ORM,live registry discovered; load/slot validation required per use
/Scrapline/Imported/FactoryCurated/Textures/T_AssemblyLine01_MSK.T_AssemblyLine01_MSK,live registry discovered; load/slot validation required per use
/Scrapline/Imported/FactoryCurated/Materials/MI_AssemblyLineColor02.MI_AssemblyLineColor02,live registry discovered; load/slot validation required per use
/Scrapline/Imported/FactoryCurated/Meshes/SM_AssemblyLineTable01.SM_AssemblyLineTable01,live registry discovered; load/slot validation required per use
/Scrapline/Imported/FactoryCurated/Meshes/SM_AssemblyLine01.SM_AssemblyLine01,live registry discovered; load/slot validation required per use
/Scrapline/Imported/FactoryCurated/Meshes/SM_AssemblyLine02.SM_AssemblyLine02,live registry discovered; load/slot validation required per use
/Scrapline/Imported/GarageSource/Textures/T_Ventilation_BC.T_Ventilation_BC,live registry discovered; load/slot validation required per use
/Scrapline/Imported/GarageSource/Textures/T_Ventilation_Normal.T_Ventilation_Normal,live registry discovered; load/slot validation required per use
/Scrapline/Imported/FactoryCurated/Textures/T_Container01_ORM.T_Container01_ORM,live registry discovered; load/slot validation required per use
/Scrapline/Imported/FactoryCurated/Materials/MI_Container01.MI_Container01,live registry discovered; load/slot validation required per use
/Scrapline/Imported/FactoryCurated/Meshes/SM_Container01_01.SM_Container01_01,live registry discovered; load/slot validation required per use
/Scrapline/Imported/FactoryCurated/Meshes/SM_Container01_02.SM_Container01_02,live registry discovered; load/slot validation required per use
/Scrapline/Imported/GarageSource/Textures/T_Workbench_HRM.T_Workbench_HRM,live registry discovered; load/slot validation required per use
/Scrapline/Imported/GarageSource/Textures/T_Wheel_Normal.T_Wheel_Normal,live registry discovered; load/slot validation required per use
/Scrapline/Imported/GarageSource/Textures/T_Ventilation_HRM.T_Ventilation_HRM,live registry discovered; load/slot validation required per use
/Scrapline/Imported/GarageSource/Materials/M_Ventilation.M_Ventilation,live registry discovered; load/slot validation required per use
/Scrapline/Imported/GarageSource/Meshes/SM_Ventilation.SM_Ventilation,live registry discovered; load/slot validation required per use
/Scrapline/Imported/GarageSource/Textures/T_Pallet_Normal.T_Pallet_Normal,live registry discovered; load/slot validation required per use
/Scrapline/Imported/GarageSource/Textures/T_Workbench_Normal.T_Workbench_Normal,live registry discovered; load/slot validation required per use
/Scrapline/Imported/GarageSource/Textures/T_Pallet_HRM.T_Pallet_HRM,live registry discovered; load/slot validation required per use
/Scrapline/Imported/GarageSource/Textures/T_Illuminator_Emissive.T_Illuminator_Emissive,live registry discovered; load/slot validation required per use
/Scrapline/Imported/GarageSource/Textures/T_Cart_BC.T_Cart_BC,live registry discovered; load/slot validation required per use
/Scrapline/Imported/GarageSource/Textures/T_Illuminator_BC.T_Illuminator_BC,live registry discovered; load/slot validation required per use
/Scrapline/Imported/GarageSource/Textures/T_Workbench_BC.T_Workbench_BC,live registry discovered; load/slot validation required per use
/Scrapline/Imported/GarageSource/Materials/M_Workbench.M_Workbench,live registry discovered; load/slot validation required per use
/Scrapline/Imported/GarageSource/Meshes/SM_Workbench.SM_Workbench,live registry discovered; load/slot validation required per use
/Scrapline/Imported/GarageSource/Textures/T_Illuminator_HRM.T_Illuminator_HRM,live registry discovered; load/slot validation required per use
/Scrapline/Imported/GarageSource/Textures/T_Cart_Normal.T_Cart_Normal,live registry discovered; load/slot validation required per use
/Scrapline/Imported/GarageSource/Textures/T_Illuminator_Normal.T_Illuminator_Normal,live registry discovered; load/slot validation required per use
/Scrapline/Imported/GarageSource/Materials/M_Illuminator.M_Illuminator,live registry discovered; load/slot validation required per use
/Scrapline/Imported/GarageSource/Meshes/SM_Illuminator.SM_Illuminator,live registry discovered; load/slot validation required per use
/Scrapline/Imported/GarageSource/Textures/T_Garage_1_roof_BC.T_Garage_1_roof_BC,live registry discovered; load/slot validation required per use
/Scrapline/Imported/GarageSource/Textures/T_Pallet_BC.T_Pallet_BC,live registry discovered; load/slot validation required per use
/Scrapline/Imported/GarageSource/Materials/M_Pallet.M_Pallet,live registry discovered; load/slot validation required per use
/Scrapline/Imported/GarageSource/Meshes/SM_Pallet.SM_Pallet,live registry discovered; load/slot validation required per use
/Scrapline/Imported/GarageSource/Textures/T_Garage_1_roof_Normal.T_Garage_1_roof_Normal,live registry discovered; load/slot validation required per use
/Scrapline/Imported/GarageSource/Textures/T_Cart_HRM.T_Cart_HRM,live registry discovered; load/slot validation required per use
/Scrapline/Imported/GarageSource/Materials/M_Cart.M_Cart,live registry discovered; load/slot validation required per use
/Scrapline/Imported/GarageSource/Meshes/SM_Cart.SM_Cart,live registry discovered; load/slot validation required per use
/Scrapline/Imported/GarageSource/Textures/T_Garage_1_roof_HRM.T_Garage_1_roof_HRM,live registry discovered; load/slot validation required per use
/Scrapline/Imported/GarageSource/Materials/M_Garage_1_roof.M_Garage_1_roof,live registry discovered; load/slot validation required per use
/Scrapline/Imported/GarageSource/Meshes/SM_Garage_1_roof.SM_Garage_1_roof,live registry discovered; load/slot validation required per use
/Scrapline/Imported/GarageSource/Textures/T_Wheel_BC.T_Wheel_BC,live registry discovered; load/slot validation required per use
/Scrapline/Imported/GarageSource/Textures/T_Wheel_HRM.T_Wheel_HRM,live registry discovered; load/slot validation required per use
/Scrapline/Imported/GarageSource/Materials/M_Wheel.M_Wheel,live registry discovered; load/slot validation required per use
/Scrapline/Imported/GarageSource/Meshes/SM_Wheel.SM_Wheel,live registry discovered; load/slot validation required per use
/Scrapline/Imported/GarageSource/Textures/T_Railings_Normal.T_Railings_Normal,live registry discovered; load/slot validation required per use
/Scrapline/Imported/GarageSource/Textures/T_Stairs_HRM.T_Stairs_HRM,live registry discovered; load/slot validation required per use
/Scrapline/Imported/GarageSource/Textures/T_Shelf_BC.T_Shelf_BC,live registry discovered; load/slot validation required per use
/Scrapline/Imported/GarageSource/Textures/T_Shelf_HRM.T_Shelf_HRM,live registry discovered; load/slot validation required per use
/Scrapline/Imported/GarageSource/Textures/T_Railings_HRM.T_Railings_HRM,live registry discovered; load/slot validation required per use
/Scrapline/Imported/GarageSource/Textures/T_Railings_BC.T_Railings_BC,live registry discovered; load/slot validation required per use
/Scrapline/Imported/GarageSource/Materials/M_Railings.M_Railings,live registry discovered; load/slot validation required per use
/Scrapline/Imported/GarageSource/Meshes/SM_Railings.SM_Railings,live registry discovered; load/slot validation required per use
/Scrapline/Imported/GarageSource/Textures/T_Shelf_Normal.T_Shelf_Normal,live registry discovered; load/slot validation required per use
/Scrapline/Imported/GarageSource/Materials/M_Shelf.M_Shelf,live registry discovered; load/slot validation required per use
/Scrapline/Imported/GarageSource/Meshes/SM_Shelf.SM_Shelf,live registry discovered; load/slot validation required per use
/Scrapline/Imported/GarageSource/Textures/T_Stairs_BC.T_Stairs_BC,live registry discovered; load/slot validation required per use
/Scrapline/Imported/GarageSource/Textures/T_Shelf_1_HRM.T_Shelf_1_HRM,live registry discovered; load/slot validation required per use
/Scrapline/Imported/GarageSource/Textures/T_Garage_1_HRM.T_Garage_1_HRM,live registry discovered; load/slot validation required per use
/Scrapline/Imported/GarageSource/Textures/T_Garage_1_Normal.T_Garage_1_Normal,live registry discovered; load/slot validation required per use
/Scrapline/Imported/GarageSource/Textures/T_Stairs_Normal.T_Stairs_Normal,live registry discovered; load/slot validation required per use
/Scrapline/Imported/GarageSource/Materials/M_Stairs.M_Stairs,live registry discovered; load/slot validation required per use
/Scrapline/Imported/GarageSource/Meshes/SM_Stairs.SM_Stairs,live registry discovered; load/slot validation required per use
/Scrapline/Imported/IndustrialPipesSource/textures/pipes_m_diffuse_skin0.pipes_m_diffuse_skin0,live registry discovered; load/slot validation required per use
/Scrapline/Imported/IndustrialPipesSource/textures/pipes_m_roughness_skin0.pipes_m_roughness_skin0,live registry discovered; load/slot validation required per use
/Scrapline/Imported/GarageSource/Textures/T_Shelf_1_Normal.T_Shelf_1_Normal,live registry discovered; load/slot validation required per use
/Scrapline/Imported/GarageSource/Textures/T_Shelf_1_BC.T_Shelf_1_BC,live registry discovered; load/slot validation required per use
/Scrapline/Imported/GarageSource/Materials/M_Shelf_1.M_Shelf_1,live registry discovered; load/slot validation required per use
/Scrapline/Imported/GarageSource/Meshes/SM_Shelf_1.SM_Shelf_1,live registry discovered; load/slot validation required per use
/Scrapline/Imported/IndustrialPipesSource/textures/pipes_m_normal_skin0.pipes_m_normal_skin0,live registry discovered; load/slot validation required per use
/Scrapline/Imported/IndustrialPipesSource/materials/pipes_m_skin0.pipes_m_skin0,live registry discovered; load/slot validation required per use
/Scrapline/Imported/IndustrialPipesSource/models/pipe_m_valve_00.pipe_m_valve_00,live registry discovered; load/slot validation required per use
/Scrapline/Imported/IndustrialPipesSource/models/pipe_m_valve_base_00.pipe_m_valve_base_00,live registry discovered; load/slot validation required per use
/Scrapline/Imported/IndustrialPipesSource/models/pipe_m_turn45_l75_00.pipe_m_turn45_l75_00,live registry discovered; load/slot validation required per use
/Scrapline/Imported/IndustrialPipesSource/models/pipe_m_turn45_l150_start_00.pipe_m_turn45_l150_start_00,live registry discovered; load/slot validation required per use
/Scrapline/Imported/IndustrialPipesSource/models/pipe_m_turn45_l150_00.pipe_m_turn45_l150_00,live registry discovered; load/slot validation required per use
/Scrapline/Imported/IndustrialPipesSource/models/pipe_m_turn90_00.pipe_m_turn90_00,live registry discovered; load/slot validation required per use
/Scrapline/Imported/IndustrialPipesSource/models/pipe_m_turn45_l150_middle_00.pipe_m_turn45_l150_middle_00,live registry discovered; load/slot validation required per use
/Scrapline/Imported/IndustrialPipesSource/models/pipe_m_l85_00.pipe_m_l85_00,live registry discovered; load/slot validation required per use
/Scrapline/Imported/IndustrialPipesSource/models/pipe_m_turn45_l100_00.pipe_m_turn45_l100_00,live registry discovered; load/slot validation required per use
/Scrapline/Imported/IndustrialPipesSource/models/pipe_m_tjoint_00.pipe_m_tjoint_00,live registry discovered; load/slot validation required per use
/Scrapline/Imported/IndustrialPipesSource/models/pipe_m_l75_00.pipe_m_l75_00,live registry discovered; load/slot validation required per use
/Scrapline/Imported/IndustrialPipesSource/models/pipe_m_turn45_00.pipe_m_turn45_00,live registry discovered; load/slot validation required per use
/Scrapline/Imported/IndustrialPipesSource/models/pipe_m_l50_00.pipe_m_l50_00,live registry discovered; load/slot validation required per use
/Scrapline/Imported/IndustrialPipesSource/models/pipe_m_turn45_connector_00.pipe_m_turn45_connector_00,live registry discovered; load/slot validation required per use
/Scrapline/Imported/IndustrialPipesSource/models/pipe_m_l300_00.pipe_m_l300_00,live registry discovered; load/slot validation required per use
/Scrapline/Imported/IndustrialPipesSource/models/pipe_m_l140_00.pipe_m_l140_00,live registry discovered; load/slot validation required per use
/Scrapline/Imported/IndustrialPipesSource/models/pipe_m_l60.pipe_m_l60,live registry discovered; load/slot validation required per use
/Scrapline/Imported/IndustrialPipesSource/models/pipe_m_l160_00.pipe_m_l160_00,live registry discovered; load/slot validation required per use
/Scrapline/Imported/IndustrialPipesSource/models/pipe_m_l100_00.pipe_m_l100_00,live registry discovered; load/slot validation required per use
/Scrapline/Imported/IndustrialPipesSource/models/pipe_m_l150_00.pipe_m_l150_00,live registry discovered; load/slot validation required per use
/Scrapline/Imported/IndustrialPipesSource/models/pipe_m_bracing_wall_00.pipe_m_bracing_wall_00,live registry discovered; load/slot validation required per use
/Scrapline/Imported/IndustrialPipesSource/models/pipe_m_barcing_m_middle.pipe_m_barcing_m_middle,live registry discovered; load/slot validation required per use
/Scrapline/Imported/IndustrialPipesSource/models/pipe_m_connector_00.pipe_m_connector_00,live registry discovered; load/slot validation required per use
/Scrapline/Imported/IndustrialPipesSource/models/pipe_m_bracing_h150_v_00.pipe_m_bracing_h150_v_00,live registry discovered; load/slot validation required per use
/Scrapline/Imported/IndustrialPipesSource/models/pipe_m_bracing_m_end_00.pipe_m_bracing_m_end_00,live registry discovered; load/slot validation required per use
/Scrapline/Imported/IndustrialPipesSource/models/pipe_m_bracing_m_start_00.pipe_m_bracing_m_start_00,live registry discovered; load/slot validation required per use
/Scrapline/Imported/IndustrialPipesSource/models/pipe_m_bracing_floor_00.pipe_m_bracing_floor_00,live registry discovered; load/slot validation required per use
/Scrapline/Imported/IndustrialPipesSource/models/pipe_m_bracing_h150_00.pipe_m_bracing_h150_00,live registry discovered; load/slot validation required per use
/Scrapline/Imported/GarageSource/Textures/T_Garage_1_BC.T_Garage_1_BC,live registry discovered; load/slot validation required per use
/Scrapline/Imported/GarageSource/Materials/M_Garage_1.M_Garage_1,live registry discovered; load/slot validation required per use
/Scrapline/Imported/GarageSource/Meshes/SM_Garage_1.SM_Garage_1,live registry discovered; load/slot validation required per use
/Scrapline/Imported/VehicleVarietyV2Curated/Textures/BoxTruck/TX_BoxTruck_DIF_11.TX_BoxTruck_DIF_11,live registry discovered; load/slot validation required per use
/Scrapline/Imported/VehicleVarietyV2Curated/Textures/Default/TX_Default_Grey.TX_Default_Grey,live registry discovered; load/slot validation required per use
/Scrapline/Imported/VehicleVarietyV2Curated/Textures/BoxTruck/TX_BoxTruck_OPC_15.TX_BoxTruck_OPC_15,live registry discovered; load/slot validation required per use
/Scrapline/Imported/VehicleVarietyV2Curated/Textures/BoxTruck/TX_BoxTruck_NRM_7.TX_BoxTruck_NRM_7,live registry discovered; load/slot validation required per use
/Scrapline/Imported/VehicleVarietyV2Curated/Textures/BoxTruck/TX_BoxTruck_ORM_13.TX_BoxTruck_ORM_13,live registry discovered; load/slot validation required per use
/Scrapline/Imported/VehicleVarietyV2Curated/Textures/BoxTruck/TX_BoxTruck_DIF_26.TX_BoxTruck_DIF_26,live registry discovered; load/slot validation required per use
/Scrapline/Imported/VehicleVarietyV2Curated/Textures/BoxTruck/TX_BoxTruck_DIF_21.TX_BoxTruck_DIF_21,live registry discovered; load/slot validation required per use
/Scrapline/Imported/VehicleVarietyV2Curated/Textures/BoxTruck/TX_BoxTruck_ORM_23.TX_BoxTruck_ORM_23,live registry discovered; load/slot validation required per use
/Scrapline/Imported/VehicleVarietyV2Curated/Textures/BoxTruck/TX_BoxTruck_NRM_22.TX_BoxTruck_NRM_22,live registry discovered; load/slot validation required per use
/Scrapline/Imported/VehicleVarietyV2Curated/Textures/BoxTruck/TX_BoxTruck_ORM_28.TX_BoxTruck_ORM_28,live registry discovered; load/slot validation required per use
/Scrapline/Imported/VehicleVarietyV2Curated/Textures/BoxTruck/TX_BoxTruck_DIF.TX_BoxTruck_DIF,live registry discovered; load/slot validation required per use
/Scrapline/Imported/VehicleVarietyV2Curated/Textures/BoxTruck/TX_BoxTruck_NRM_27.TX_BoxTruck_NRM_27,live registry discovered; load/slot validation required per use
/Scrapline/Imported/VehicleVarietyV2Curated/Textures/Camper/TX_WoodWithCoving_DIF.TX_WoodWithCoving_DIF,live registry discovered; load/slot validation required per use
/Scrapline/Imported/VehicleVarietyV2Curated/Textures/BoxTruck/TX_BoxTruck_ORM.TX_BoxTruck_ORM,live registry discovered; load/slot validation required per use
/Scrapline/Imported/VehicleVarietyV2Curated/Textures/BoxTruck/TX_BoxTruck_DIF_6.TX_BoxTruck_DIF_6,live registry discovered; load/slot validation required per use
/Scrapline/Imported/VehicleVarietyV2Curated/Textures/Camper/TX_WoodWithCoving_NRM.TX_WoodWithCoving_NRM,live registry discovered; load/slot validation required per use
/Scrapline/Imported/VehicleVarietyV2Curated/Textures/Camper/TX_CarpetFloor01b_DIF.TX_CarpetFloor01b_DIF,live registry discovered; load/slot validation required per use
/Scrapline/Imported/VehicleVarietyV2Curated/Textures/BoxTruck/TX_BoxTruck_ORM_18.TX_BoxTruck_ORM_18,live registry discovered; load/slot validation required per use
/Scrapline/Imported/VehicleVarietyV2Curated/Textures/BoxTruck/TX_BoxTruck_ORM_8.TX_BoxTruck_ORM_8,live registry discovered; load/slot validation required per use
/Scrapline/Imported/VehicleVarietyV2Curated/Textures/Camper/TX_CarpetFloor_ORM.TX_CarpetFloor_ORM,live registry discovered; load/slot validation required per use
/Scrapline/Imported/VehicleVarietyV2Curated/Textures/Camper/TX_Campervan_OPC_20.TX_Campervan_OPC_20,live registry discovered; load/slot validation required per use
/Scrapline/Imported/VehicleVarietyV2Curated/Textures/Camper/TX_CarpetFloor_NRM.TX_CarpetFloor_NRM,live registry discovered; load/slot validation required per use
/Scrapline/Imported/VehicleVarietyV2Curated/Textures/Camper/TX_Campervan_NRM_2.TX_Campervan_NRM_2,live registry discovered; load/slot validation required per use
/Scrapline/Imported/VehicleVarietyV2Curated/Textures/BoxTruck/TX_BoxTruck_NRM_17.TX_BoxTruck_NRM_17,live registry discovered; load/slot validation required per use
/Scrapline/Imported/VehicleVarietyV2Curated/Textures/Camper/TX_Campervan_DIF_1.TX_Campervan_DIF_1,live registry discovered; load/slot validation required per use
/Scrapline/Imported/VehicleVarietyV2Curated/Textures/BoxTruck/TX_BoxTruck_DIF_1.TX_BoxTruck_DIF_1,live registry discovered; load/slot validation required per use
/Scrapline/Imported/VehicleVarietyV2Curated/Textures/Camper/TX_Campervan_NRM_17.TX_Campervan_NRM_17,live registry discovered; load/slot validation required per use
/Scrapline/Imported/VehicleVarietyV2Curated/Textures/Camper/TX_Campervan_MASK_2.TX_Campervan_MASK_2,live registry discovered; load/slot validation required per use
/Scrapline/Imported/VehicleVarietyV2Curated/Textures/BoxTruck/TX_BoxTruck_NRM.TX_BoxTruck_NRM,live registry discovered; load/slot validation required per use
/Scrapline/Imported/VehicleVarietyV2Curated/Textures/Camper/TX_Campervan_DIF_16.TX_Campervan_DIF_16,live registry discovered; load/slot validation required per use
/Scrapline/Imported/VehicleVarietyV2Curated/Textures/Camper/TX_Campervan_ORM_13.TX_Campervan_ORM_13,live registry discovered; load/slot validation required per use
/Scrapline/Imported/VehicleVarietyV2Curated/Textures/BoxTruck/TX_BoxTruck_DIF_16.TX_BoxTruck_DIF_16,live registry discovered; load/slot validation required per use
/Scrapline/Imported/VehicleVarietyV2Curated/Textures/Camper/TX_Campervan_ORM_3.TX_Campervan_ORM_3,live registry discovered; load/slot validation required per use
/Scrapline/Imported/VehicleVarietyV2Curated/Textures/BoxTruck/TX_BoxTruck_NRM_2.TX_BoxTruck_NRM_2,live registry discovered; load/slot validation required per use
/Scrapline/Imported/VehicleVarietyV2Curated/Textures/Default/TX_Default_DIF.TX_Default_DIF,live registry discovered; load/slot validation required per use
/Scrapline/Imported/VehicleVarietyV2Curated/Textures/Default/TX_Default_MASKS.TX_Default_MASKS,live registry discovered; load/slot validation required per use
/Scrapline/Imported/VehicleVarietyV2Curated/Textures/Camper/TX_Campervan_DIF_11.TX_Campervan_DIF_11,live registry discovered; load/slot validation required per use
/Scrapline/Imported/VehicleVarietyV2Curated/Textures/Camper/TX_Campervan_NRM_12.TX_Campervan_NRM_12,live registry discovered; load/slot validation required per use
/Scrapline/Imported/VehicleVarietyV2Curated/Textures/Camper/TX_Campervan_ORM_18.TX_Campervan_ORM_18,live registry discovered; load/slot validation required per use
/Scrapline/Imported/VehicleVarietyV2Curated/Textures/Default/TX_Default_NRM.TX_Default_NRM,live registry discovered; load/slot validation required per use
/Scrapline/Imported/VehicleVarietyV2Curated/Textures/BoxTruck/TX_BoxTruck_ORM_3.TX_BoxTruck_ORM_3,live registry discovered; load/slot validation required per use
/Scrapline/Imported/VehicleVarietyV2Curated/Textures/Camper/TX_CampervanInterior_DIF.TX_CampervanInterior_DIF,live registry discovered; load/slot validation required per use
/Scrapline/Imported/VehicleVarietyV2Curated/Textures/Camper/TX_Campervan_MASK_1.TX_Campervan_MASK_1,live registry discovered; load/slot validation required per use
/Scrapline/Imported/VehicleVarietyV2Curated/Textures/Camper/TX_Campervan_NRM_7.TX_Campervan_NRM_7,live registry discovered; load/slot validation required per use
/Scrapline/Imported/VehicleVarietyV2Curated/Textures/Camper/TX_Campervan_ORM_8.TX_Campervan_ORM_8,live registry discovered; load/slot validation required per use
/Scrapline/Imported/VehicleVarietyV2Curated/Textures/Camper/TX_CampervanInterior_ORM.TX_CampervanInterior_ORM,live registry discovered; load/slot validation required per use
/Scrapline/Imported/WarningSignsSource/Textures/T_Normal_WarningSigns_V1_40.T_Normal_WarningSigns_V1_40,live registry discovered; load/slot validation required per use
/Scrapline/Imported/VehicleVarietyV2Curated/Textures/Camper/TX_Campervan_MASK.TX_Campervan_MASK,live registry discovered; load/slot validation required per use
/Scrapline/Imported/VehicleVarietyV2Curated/Textures/Camper/TX_CampervanInterior_NRM.TX_CampervanInterior_NRM,live registry discovered; load/slot validation required per use
/Scrapline/Imported/WarningSignsSource/Textures/T_Normal_WarningSigns_V1_51.T_Normal_WarningSigns_V1_51,live registry discovered; load/slot validation required per use
/Scrapline/Imported/VehicleVarietyV2Curated/Textures/Camper/TX_Campervan_NRM.TX_Campervan_NRM,live registry discovered; load/slot validation required per use
/Scrapline/Imported/VehicleVarietyV2Curated/Textures/Camper/TX_Campervan_DIF.TX_Campervan_DIF,live registry discovered; load/slot validation required per use
/Scrapline/Imported/VehicleVarietyV2Curated/Textures/Camper/TX_Campervan_DIF_6.TX_Campervan_DIF_6,live registry discovered; load/slot validation required per use
/Scrapline/Imported/WarningSignsSource/Textures/T_ORM_WarningSigns_V1_40.T_ORM_WarningSigns_V1_40,live registry discovered; load/slot validation required per use
/Scrapline/Imported/WarningSignsSource/Textures/T_Normal_WarningSigns_V1_54.T_Normal_WarningSigns_V1_54,live registry discovered; load/slot validation required per use
/Scrapline/Imported/VehicleVarietyV2Curated/Textures/Camper/TX_Campervan_ORM.TX_Campervan_ORM,live registry discovered; load/slot validation required per use
/Scrapline/Imported/WarningSignsSource/Textures/T_Albedo_WarningSigns_V1_51.T_Albedo_WarningSigns_V1_51,live registry discovered; load/slot validation required per use
/Scrapline/Imported/WarningSignsSource/Textures/T_Albedo_WarningSigns_V1_40.T_Albedo_WarningSigns_V1_40,live registry discovered; load/slot validation required per use
/Scrapline/Imported/WarningSignsSource/Textures/T_Albedo_WarningSigns_V1_54.T_Albedo_WarningSigns_V1_54,live registry discovered; load/slot validation required per use
/Scrapline/Imported/WarningSignsSource/Textures/T_ORM_WarningSigns_V1_35.T_ORM_WarningSigns_V1_35,live registry discovered; load/slot validation required per use
/Scrapline/Imported/WarningSignsSource/Textures/T_ORM_WarningSigns_V1_51.T_ORM_WarningSigns_V1_51,live registry discovered; load/slot validation required per use
/Scrapline/Imported/WarningSignsSource/Textures/T_ORM_WarningSigns_V1_54.T_ORM_WarningSigns_V1_54,live registry discovered; load/slot validation required per use
/Scrapline/Imported/WarningSignsSource/Textures/T_Albedo_WarningSigns_V1_36.T_Albedo_WarningSigns_V1_36,live registry discovered; load/slot validation required per use
/Scrapline/Imported/WarningSignsSource/Textures/T_Albedo_WarningSigns_V1_35.T_Albedo_WarningSigns_V1_35,live registry discovered; load/slot validation required per use
/Scrapline/Imported/WarningSignsSource/Textures/T_ORM_WarningSigns_V1_01.T_ORM_WarningSigns_V1_01,live registry discovered; load/slot validation required per use
/Scrapline/Imported/WarningSignsSource/Textures/T_Normal_WarningSigns_V1_36.T_Normal_WarningSigns_V1_36,live registry discovered; load/slot validation required per use
/Scrapline/Imported/WarningSignsSource/Textures/T_Albedo_WarningSigns_V1_34.T_Albedo_WarningSigns_V1_34,live registry discovered; load/slot validation required per use
/Scrapline/Imported/WarningSignsSource/Textures/T_ORM_WarningSigns_V1_36.T_ORM_WarningSigns_V1_36,live registry discovered; load/slot validation required per use
/Scrapline/Imported/WarningSignsSource/Textures/T_Normal_WarningSigns_V1_35.T_Normal_WarningSigns_V1_35,live registry discovered; load/slot validation required per use
/Scrapline/Imported/WarningSignsSource/Textures/T_Normal_WarningSigns_V1_34.T_Normal_WarningSigns_V1_34,live registry discovered; load/slot validation required per use
/Scrapline/Imported/WarningSignsSource/Textures/T_Normal_WarningSigns_V1_37.T_Normal_WarningSigns_V1_37,live registry discovered; load/slot validation required per use
/Scrapline/Imported/WarningSignsSource/Textures/T_Normal_WarningSigns_V1_01.T_Normal_WarningSigns_V1_01,live registry discovered; load/slot validation required per use
/Scrapline/Imported/WarningSignsSource/Textures/T_Albedo_WarningSigns_V1_37.T_Albedo_WarningSigns_V1_37,live registry discovered; load/slot validation required per use
/Scrapline/Imported/WarningSignsSource/Textures/T_ORM_WarningSigns_V1_37.T_ORM_WarningSigns_V1_37,live registry discovered; load/slot validation required per use
/Scrapline/Imported/WarningSignsSource/Textures/T_ORM_WarningSigns_V1_34.T_ORM_WarningSigns_V1_34,live registry discovered; load/slot validation required per use
/Scrapline/Imported/WarningSignsSource/Textures/T_ORM_WarningSigns_V1_12.T_ORM_WarningSigns_V1_12,live registry discovered; load/slot validation required per use
/Scrapline/Imported/WarningSignsSource/Textures/T_ORM_WarningSigns_V1_30.T_ORM_WarningSigns_V1_30,live registry discovered; load/slot validation required per use
/Scrapline/Imported/WarningSignsSource/Textures/T_Albedo_WarningSigns_V1_12.T_Albedo_WarningSigns_V1_12,live registry discovered; load/slot validation required per use
/Scrapline/Imported/WarningSignsSource/Textures/T_Normal_WarningSigns_V1_12.T_Normal_WarningSigns_V1_12,live registry discovered; load/slot validation required per use
/Scrapline/Imported/WarningSignsSource/Textures/T_Albedo_WarningSigns_V1_30.T_Albedo_WarningSigns_V1_30,live registry discovered; load/slot validation required per use
/Scrapline/Imported/WarningSignsSource/Textures/T_Normal_WarningSigns_V1_30.T_Normal_WarningSigns_V1_30,live registry discovered; load/slot validation required per use
/Scrapline/Imported/WarningSignsSource/Textures/T_Albedo_WarningSigns_V1_01.T_Albedo_WarningSigns_V1_01,live registry discovered; load/slot validation required per use
/Scrapline/Imported/WarningSignsSource/Materials/M_MasterDecals.M_MasterDecals,live registry discovered; load/slot validation required per use
/Scrapline/Imported/WarningSignsSource/Decals/MI_WarningSign_V1_40.MI_WarningSign_V1_40,live registry discovered; load/slot validation required per use
/Scrapline/Imported/WarningSignsSource/Decals/MI_WarningSign_V1_51.MI_WarningSign_V1_51,live registry discovered; load/slot validation required per use
/Scrapline/Imported/WarningSignsSource/Decals/MI_WarningSign_V1_54.MI_WarningSign_V1_54,live registry discovered; load/slot validation required per use
/Scrapline/Imported/WarningSignsSource/Decals/MI_WarningSign_V1_36.MI_WarningSign_V1_36,live registry discovered; load/slot validation required per use
/Scrapline/Imported/WarningSignsSource/Decals/MI_WarningSign_V1_35.MI_WarningSign_V1_35,live registry discovered; load/slot validation required per use
/Scrapline/Imported/WarningSignsSource/Decals/MI_WarningSign_V1_34.MI_WarningSign_V1_34,live registry discovered; load/slot validation required per use
/Scrapline/Imported/WarningSignsSource/Decals/MI_WarningSign_V1_37.MI_WarningSign_V1_37,live registry discovered; load/slot validation required per use
/Scrapline/Imported/WarningSignsSource/Decals/MI_WarningSign_V1_12.MI_WarningSign_V1_12,live registry discovered; load/slot validation required per use
/Scrapline/Imported/WarningSignsSource/Decals/MI_WarningSign_V1_30.MI_WarningSign_V1_30,live registry discovered; load/slot validation required per use
/Scrapline/Imported/WarningSignsSource/Textures/T_Albedo_WarningSigns_V1_14.T_Albedo_WarningSigns_V1_14,live registry discovered; load/slot validation required per use
/Scrapline/Imported/WarningSignsSource/Textures/T_ORM_WarningSigns_V1_14.T_ORM_WarningSigns_V1_14,live registry discovered; load/slot validation required per use
/Scrapline/Imported/WarningSignsSource/Textures/T_ORM_WarningSigns_V1_31.T_ORM_WarningSigns_V1_31,live registry discovered; load/slot validation required per use
/Scrapline/Imported/WarningSignsSource/Textures/T_Normal_WarningSigns_V1_14.T_Normal_WarningSigns_V1_14,live registry discovered; load/slot validation required per use
/Scrapline/Imported/WarningSignsSource/Decals/MI_WarningSign_V1_14.MI_WarningSign_V1_14,live registry discovered; load/slot validation required per use
/Scrapline/Imported/WarningSignsSource/Textures/T_Albedo_WarningSigns_V1_31.T_Albedo_WarningSigns_V1_31,live registry discovered; load/slot validation required per use
/Scrapline/Imported/WarningSignsSource/Textures/T_Albedo_WarningSigns_V1_11.T_Albedo_WarningSigns_V1_11,live registry discovered; load/slot validation required per use
/Scrapline/Imported/WarningSignsSource/Textures/T_Normal_WarningSigns_V1_31.T_Normal_WarningSigns_V1_31,live registry discovered; load/slot validation required per use
/Scrapline/Imported/WarningSignsSource/Decals/MI_WarningSign_V1_31.MI_WarningSign_V1_31,live registry discovered; load/slot validation required per use
/Scrapline/Imported/WarningSignsSource/Textures/T_Normal_WarningSigns_V1_11.T_Normal_WarningSigns_V1_11,live registry discovered; load/slot validation required per use
/Scrapline/Imported/WarningSignsSource/Textures/T_ORM_WarningSigns_V1_11.T_ORM_WarningSigns_V1_11,live registry discovered; load/slot validation required per use
/Scrapline/Imported/WarningSignsSource/Decals/MI_WarningSign_V1_11.MI_WarningSign_V1_11,live registry discovered; load/slot validation required per use
/Scrapline/Imported/VehicleVarietyV2Curated/Materials/Master/M_Glass.M_Glass,live registry discovered; load/slot validation required per use
/Scrapline/Imported/VehicleVarietyV2Curated/Materials/BoxTruck/Mi_GlassPlanes_01a.Mi_GlassPlanes_01a,live registry discovered; load/slot validation required per use
/Scrapline/Imported/VehicleVarietyV2Curated/Materials/Camper/Mi_Camper_Glass_01a.Mi_Camper_Glass_01a,live registry discovered; load/slot validation required per use
/Scrapline/Imported/VehicleVarietyV2Curated/Materials/Master/M_Master.M_Master,live registry discovered; load/slot validation required per use
/Scrapline/Imported/VehicleVarietyV2Curated/Materials/BoxTruck/Mi_BoxTruck_Interior_01a.Mi_BoxTruck_Interior_01a,live registry discovered; load/slot validation required per use
/Scrapline/Imported/VehicleVarietyV2Curated/Materials/BoxTruck/Mi_BoxTruck_Interior_01b.Mi_BoxTruck_Interior_01b,live registry discovered; load/slot validation required per use
/Scrapline/Imported/VehicleVarietyV2Curated/Materials/BoxTruck/Mi_BoxTruck_Exterior_01a.Mi_BoxTruck_Exterior_01a,live registry discovered; load/slot validation required per use
/Scrapline/Imported/VehicleVarietyV2Curated/Materials/BoxTruck/Mi_BoxTruck_Exterior_01c.Mi_BoxTruck_Exterior_01c,live registry discovered; load/slot validation required per use
/Scrapline/Imported/VehicleVarietyV2Curated/Materials/Camper/Mi_InteriorWall_01a.Mi_InteriorWall_01a,live registry discovered; load/slot validation required per use
/Scrapline/Imported/VehicleVarietyV2Curated/Materials/BoxTruck/Mi_BoxTruck_ExteriorDetailing_01a.Mi_BoxTruck_ExteriorDetailing_01a,live registry discovered; load/slot validation required per use
/Scrapline/Imported/VehicleVarietyV2Curated/Materials/Camper/Mi_CarpetFloor_01a.Mi_CarpetFloor_01a,live registry discovered; load/slot validation required per use
/Scrapline/Imported/VehicleVarietyV2Curated/Materials/Camper/Mi_Camper_BodyPieces_01a.Mi_Camper_BodyPieces_01a,live registry discovered; load/slot validation required per use
/Scrapline/Imported/VehicleVarietyV2Curated/Materials/BoxTruck/Mi_BoxTruck_Exterior_01b.Mi_BoxTruck_Exterior_01b,live registry discovered; load/slot validation required per use
/Scrapline/Imported/VehicleVarietyV2Curated/Materials/Camper/Mi_CamperChassis_01a.Mi_CamperChassis_01a,live registry discovered; load/slot validation required per use
/Scrapline/Imported/VehicleVarietyV2Curated/Materials/Camper/Mi_Camper_InteriorFront_01a.Mi_Camper_InteriorFront_01a,live registry discovered; load/slot validation required per use
/Scrapline/Imported/VehicleVarietyV2Curated/Materials/Camper/Mi_CamperRear_01a.Mi_CamperRear_01a,live registry discovered; load/slot validation required per use
/Scrapline/Imported/VehicleVarietyV2Curated/Materials/Camper/Mi_Camper_Body_01a.Mi_Camper_Body_01a,live registry discovered; load/slot validation required per use
/Scrapline/Imported/VehicleVarietyV2Curated/Meshes/SM_BoxTruck_01a.SM_BoxTruck_01a,live registry discovered; load/slot validation required per use
/Scrapline/Imported/VehicleVarietyV2Curated/Meshes/SM_Campervan_01a.SM_Campervan_01a,live registry discovered; load/slot validation required per use
/Scrapline/Fab/Abandoned_junk_Car/Textures/fab97242a351fb7a359cecf4fc3a26c8753norev_texture_2.fab97242a351fb7a359cecf4fc3a26c8753norev_texture_2,live registry discovered; load/slot validation required per use
/Scrapline/Fab/Rubble_Pack/Textures/T_tj4mcccla_1K_N.T_tj4mcccla_1K_N,live registry discovered; load/slot validation required per use
/Scrapline/Fab/Abandoned_junk_Car/Textures/fab97242a351fb7a359cecf4fc3a26c8753norev_texture_1.fab97242a351fb7a359cecf4fc3a26c8753norev_texture_1,live registry discovered; load/slot validation required per use
/Scrapline/Fab/Rubble_Pack/Textures/T_tj4mcccla_1K_ORM.T_tj4mcccla_1K_ORM,live registry discovered; load/slot validation required per use
/Scrapline/Fab/Gas_Cylinder_03_-_Propane_Tank/Textures/fab944b287b2d3fb67e765d80fcd68688fcnorev_texture_0.fab944b287b2d3fb67e765d80fcd68688fcnorev_texture_0,live registry discovered; load/slot validation required per use
/Scrapline/Fab/Abandoned_junk_Car/Textures/fab97242a351fb7a359cecf4fc3a26c8753norev_texture_0.fab97242a351fb7a359cecf4fc3a26c8753norev_texture_0,live registry discovered; load/slot validation required per use
/Scrapline/Fab/Rubble_Pack/Textures/T_tj4mcccla_1K_B.T_tj4mcccla_1K_B,live registry discovered; load/slot validation required per use
/Scrapline/Fab/Gas_Cylinder_03_-_Propane_Tank/Textures/fab944b287b2d3fb67e765d80fcd68688fcnorev_texture_1.fab944b287b2d3fb67e765d80fcd68688fcnorev_texture_1,live registry discovered; load/slot validation required per use
/Scrapline/Fab/Gas_Cylinder_03_-_Propane_Tank/Textures/fab944b287b2d3fb67e765d80fcd68688fcnorev_texture_2.fab944b287b2d3fb67e765d80fcd68688fcnorev_texture_2,live registry discovered; load/slot validation required per use
/Scrapline/Fab/Warehouse_Essentials_Pack_-_Free_3D/Textures/Zrzut_ekranu_20251115_190025.Zrzut_ekranu_20251115_190025,live registry discovered; load/slot validation required per use
/Scrapline/Fab/Industrial_Rubble/Textures/T_slxoadd_1K_N.T_slxoadd_1K_N,live registry discovered; load/slot validation required per use
/Scrapline/Fab/Warehouse_Essentials_Pack_-_Free_3D/Textures/rusty_metal_05_diff_2k.rusty_metal_05_diff_2k,live registry discovered; load/slot validation required per use
/Scrapline/Fab/Industrial_Rubble/Textures/T_slxoadd_1K_BO.T_slxoadd_1K_BO,live registry discovered; load/slot validation required per use
/Scrapline/Fab/Industrial_Rubble/Textures/T_slxoadd_1K_ORM.T_slxoadd_1K_ORM,live registry discovered; load/slot validation required per use
/Scrapline/Fab/Warehouse_Essentials_Pack_-_Free_3D/Textures/rusty_metal_05_nor_gl_2k.rusty_metal_05_nor_gl_2k,live registry discovered; load/slot validation required per use
/Scrapline/Fab/Warehouse_Essentials_Pack_-_Free_3D/Textures/rusty_metal_05_rough_2k.rusty_metal_05_rough_2k,live registry discovered; load/slot validation required per use
/Scrapline/Fab/Warehouse_Essentials_Pack_-_Free_3D/Textures/worn_planks_rough_2k.worn_planks_rough_2k,live registry discovered; load/slot validation required per use
/Scrapline/Fab/Warehouse_Essentials_Pack_-_Free_3D/Textures/worn_planks_diff_2k.worn_planks_diff_2k,live registry discovered; load/slot validation required per use
/Scrapline/Fab/Warehouse_Essentials_Pack_-_Free_3D/Textures/worn_planks_nor_gl_2k.worn_planks_nor_gl_2k,live registry discovered; load/slot validation required per use
/Scrapline/Fab/Warehouse_Essentials_Pack_-_Free_3D/Materials/chrom.chrom,live registry discovered; load/slot validation required per use
/Scrapline/Fab/Warehouse_Essentials_Pack_-_Free_3D/Materials/czarny.czarny,live registry discovered; load/slot validation required per use
/Scrapline/Fab/Warehouse_Essentials_Pack_-_Free_3D/Materials/czerwony.czerwony,live registry discovered; load/slot validation required per use
/Scrapline/Fab/Warehouse_Essentials_Pack_-_Free_3D/Materials/drewno_bben.drewno_bben,live registry discovered; load/slot validation required per use
/Scrapline/Fab/Warehouse_Essentials_Pack_-_Free_3D/Materials/Material_009.Material_009,live registry discovered; load/slot validation required per use
/Scrapline/Fab/Warehouse_Essentials_Pack_-_Free_3D/Materials/szary.szary,live registry discovered; load/slot validation required per use
/Scrapline/Fab/Warehouse_Essentials_Pack_-_Free_3D/Materials/zardzewiae_ruby.zardzewiae_ruby,live registry discovered; load/slot validation required per use
/Scrapline/Fab/Industrial_Rubble/Materials/MI_slxoadd.MI_slxoadd,live registry discovered; load/slot validation required per use
/Scrapline/Fab/Industrial_Rubble/StaticMeshes/Industrial_Rubble.Industrial_Rubble,live registry discovered; load/slot validation required per use
/Scrapline/Fab/Abandoned_junk_Car/Materials/Material_8770.Material_8770,live registry discovered; load/slot validation required per use
/Scrapline/Fab/Warehouse_Essentials_Pack_-_Free_3D/Materials/szary_jasny.szary_jasny,live registry discovered; load/slot validation required per use
/Scrapline/Fab/Warehouse_Essentials_Pack_-_Free_3D/StaticMeshes/Warehouse_Essentials_Pack__Free_3D.Warehouse_Essentials_Pack__Free_3D,live registry discovered; load/slot validation required per use
/Scrapline/Fab/Abandoned_junk_Car/Materials/Material_9077.Material_9077,live registry discovered; load/slot validation required per use
/Scrapline/Fab/Gas_Cylinder_03_-_Propane_Tank/Materials/Scene__Root.Scene__Root,live registry discovered; load/slot validation required per use
/Scrapline/Fab/Gas_Cylinder_03_-_Propane_Tank/StaticMeshes/Gas_Cylinder_03__Propane_Tank.Gas_Cylinder_03__Propane_Tank,live registry discovered; load/slot validation required per use
/Scrapline/Fab/Abandoned_junk_Car/Materials/Material_9575.Material_9575,live registry discovered; load/slot validation required per use
/Scrapline/Fab/Abandoned_junk_Car/Materials/Material_9428.Material_9428,live registry discovered; load/slot validation required per use
/Scrapline/Fab/Rubble_Pack/Materials/MI_tj4mcccla.MI_tj4mcccla,live registry discovered; load/slot validation required per use
/Scrapline/Fab/Rubble_Pack/StaticMeshes/Rubble_Pack.Rubble_Pack,live registry discovered; load/slot validation required per use
/Scrapline/Fab/Abandoned_junk_Car/Materials/Material_9537.Material_9537,live registry discovered; load/slot validation required per use
/Scrapline/Fab/Abandoned_junk_Car/StaticMeshes/Abandoned___junk_Car.Abandoned___junk_Car,live registry discovered; load/slot validation required per use
/Scrapline/Fab/Warehouse_Essentials_Pack_-_Free_3D/Textures/Zrzut_ekranu_20251115_190150.Zrzut_ekranu_20251115_190150,live registry discovered; load/slot validation required per use
/Scrapline/Fab/Warehouse_Essentials_Pack_-_Free_3D/Textures/Zrzut_ekranu_20251115_190131.Zrzut_ekranu_20251115_190131,live registry discovered; load/slot validation required per use
/Scrapline/Fab/Warehouse_Essentials_Pack_-_Free_3D/Textures/Zrzut_ekranu_20251115_190113.Zrzut_ekranu_20251115_190113,live registry discovered; load/slot validation required per use
/Scrapline/Fab/Warehouse_Essentials_Pack_-_Free_3D/Textures/Zrzut_ekranu_20251115_190046.Zrzut_ekranu_20251115_190046,live registry discovered; load/slot validation required per use
/Scrapline/Fab/Warehouse_Essentials_Pack_-_Free_3D/Textures/Zrzut_ekranu_20251115_1900251.Zrzut_ekranu_20251115_1900251,live registry discovered; load/slot validation required per use
/1549a9c9-47ec-b234-f36e-78b2b8829bcd/SCBK_metal_corner_pillar_L0.SCBK_metal_corner_pillar_L0,live registry discovered; load/slot validation required per use
/85827e89-4c9f-09e4-5c37-fbaea2b6811c/SCBK_metal_catwalk_set_01_07_L0.SCBK_metal_catwalk_set_01_07_L0,live registry discovered; load/slot validation required per use
/fa25e884-41c5-1ea3-3924-a29201c215ab/SCBK_concrete_barricade_01_damaged_L0.SCBK_concrete_barricade_01_damaged_L0,live registry discovered; load/slot validation required per use
/58695045-4906-996c-7fd9-229905072c99/SCBK_metal_wall_door_window_L0.SCBK_metal_wall_door_window_L0,live registry discovered; load/slot validation required per use
/0200c1dd-4cc5-5773-26b2-3c971b4eaa4f/SCBK_metal_wall_same_sides_L0.SCBK_metal_wall_same_sides_L0,live registry discovered; load/slot validation required per use
/fb52d314-4460-782e-169b-b8af2d814b3d/SCBK_metal_wall_door_L0.SCBK_metal_wall_door_L0,live registry discovered; load/slot validation required per use
/449ff258-4b26-8bfa-89e8-94bb1587a463/SCBK_old_car_ruin_L0.SCBK_old_car_ruin_L0,live registry discovered; load/slot validation required per use
/77f96a17-4c96-f17d-a4ca-6cb45aa68ab4/SCBK_old_silo_medium_01_L0.SCBK_old_silo_medium_01_L0,live registry discovered; load/slot validation required per use
/a7703c69-4651-471d-dcf2-60aa487d93f7/SCBK_metal_catwalk_set_01_04_L0.SCBK_metal_catwalk_set_01_04_L0,live registry discovered; load/slot validation required per use
/4c7f3e05-4bdc-a0d7-e655-0290a6f5921a/SCBK_metal_catwalk_set_01_01_L0.SCBK_metal_catwalk_set_01_01_L0,live registry discovered; load/slot validation required per use
/55097657-4856-c80d-e71c-06bea4444089/SCBK_concrete_barricade_1_L0.SCBK_concrete_barricade_1_L0,live registry discovered; load/slot validation required per use
/a81776b6-460f-9380-688b-7b87e7645908/SCBK_metal_wall_clean_L0.SCBK_metal_wall_clean_L0,live registry discovered; load/slot validation required per use
/c72a2b13-4052-9f3d-966f-78851bd48a4b/SCBK_modular_wire_fence_big.SCBK_modular_wire_fence_big,live registry discovered; load/slot validation required per use
/089efa71-4d85-5a82-e4e3-95a85d341d1f/SCBK_modular_scrapyard_metal_fence_01_512.SCBK_modular_scrapyard_metal_fence_01_512,live registry discovered; load/slot validation required per use
/feb4a3eb-46dc-0836-046e-deb77c8412af/SCBK_large_reservoir_01_L0.SCBK_large_reservoir_01_L0,live registry discovered; load/slot validation required per use
/506cc01b-4757-3eda-7685-9ea806a93751/SCBK_old_car_ruin_blue_L0.SCBK_old_car_ruin_blue_L0,live registry discovered; load/slot validation required per use
/81794dd8-456c-e528-528c-7d9b5a82a800/SCBK_junk_pile_02_L0.SCBK_junk_pile_02_L0,live registry discovered; load/slot validation required per use
/1323a5be-433d-bad0-da94-55a78c147665/SCBK_huge_junk_pile_L0.SCBK_huge_junk_pile_L0,live registry discovered; load/slot validation required per use
/46c68263-43b8-afb2-0499-b3af3ed9412d/SCBK_wooden_cable_spool_01_L0.SCBK_wooden_cable_spool_01_L0,live registry discovered; load/slot validation required per use
/3ff8809f-433a-c63b-958b-259383e45b6d/SCBK_shipping_container_g_512.SCBK_shipping_container_g_512,live registry discovered; load/slot validation required per use
/caa7c1e9-4c2a-df2d-a44b-23a2b98f8860/SCBK_shipping_container_b_512.SCBK_shipping_container_b_512,live registry discovered; load/slot validation required per use
/19ee79e8-48c5-0763-7a66-688658898efa/SCBK_tractor_tire_01_L0.SCBK_tractor_tire_01_L0,live registry discovered; load/slot validation required per use
/0e5529e2-4964-6b4a-6f99-ec99f146e5b9/SCBK_old_tires_01_01_L0.SCBK_old_tires_01_01_L0,live registry discovered; load/slot validation required per use
/f16a58d0-4fdb-9086-9988-59aeb31e3cc3/SCBK_wooden_pallet_01_L0.SCBK_wooden_pallet_01_L0,live registry discovered; load/slot validation required per use
/1c19e37a-402f-81cb-9b91-049217809d9d/SCBK_scrapyard_outdoor_lamp_01.SCBK_scrapyard_outdoor_lamp_01,live registry discovered; load/slot validation required per use
/8cb4e13b-4aa9-6570-f825-478c7c11ca16/SCBK_scrapyard_message_board_01.SCBK_scrapyard_message_board_01,live registry discovered; load/slot validation required per use
/fb155cf9-49a0-363d-a4d6-478523971f9a/SCBK_scrapyard_water_pump_01_L0.SCBK_scrapyard_water_pump_01_L0,live registry discovered; load/slot validation required per use
/2ac78ffa-4c99-3257-30bd-63bb34f937ca/SCBK_metal_barrel_02_L0.SCBK_metal_barrel_02_L0,live registry discovered; load/slot validation required per use
/ad8d9035-465b-4cff-31d0-32b55dcd410a/SCBK_metal_barrel_01_L0.SCBK_metal_barrel_01_L0,live registry discovered; load/slot validation required per use
/2a137cd1-404f-b854-b9d5-b092fadae19f/SCBK_metal_powerline_01_L0.SCBK_metal_powerline_01_L0,live registry discovered; load/slot validation required per use
/a1cf7a04-4070-af94-acf4-55b052e87342/SCBK_hanging_wire_01_L0.SCBK_hanging_wire_01_L0,live registry discovered; load/slot validation required per use
/3313c8a2-4193-b071-f36a-53af46a12f83/SCBK_graffiti_03_L0.SCBK_graffiti_03_L0,live registry discovered; load/slot validation required per use
/7c68db61-4ab4-634c-f616-43a0de100209/SCBK_warning_sign_02_L0.SCBK_warning_sign_02_L0,live registry discovered; load/slot validation required per use
/12583ac6-4762-e362-4629-c283b6ae9c8c/SCBK_warning_sign_01_L0.SCBK_warning_sign_01_L0,live registry discovered; load/slot validation required per use
/5438199c-4c94-6eaa-574b-f3a1436d2e6d/SCBK_old_tires_01_02_L0.SCBK_old_tires_01_02_L0,live registry discovered; load/slot validation required per use
/5a126afd-436c-cee5-1be7-81824be6d25f/SCBK_scrapyard_tarp_01_L0.SCBK_scrapyard_tarp_01_L0,live registry discovered; load/slot validation required per use
/c33c23f8-4b79-df41-5346-cebea5845178/SCBK_modular_metal_shelf_01.SCBK_modular_metal_shelf_01,live registry discovered; load/slot validation required per use
/b694e9bf-4b21-7c23-6d8e-3b92754d5975/SCBK_retaining_concrete_panel_01.SCBK_retaining_concrete_panel_01,live registry discovered; load/slot validation required per use
/fc34d07e-43df-2019-d982-ec9eac8a72d2/SCBK_straight_corrugated_plates.SCBK_straight_corrugated_plates,live registry discovered; load/slot validation required per use
/9c055d90-4286-e036-9bbb-1985781dca9b/SCBK_rubble_01_L0.SCBK_rubble_01_L0,live registry discovered; load/slot validation required per use
/68f7342e-4950-63cf-21d1-edb7973d5fcb/SCBK_modular_metal_pipe_01_long.SCBK_modular_metal_pipe_01_long,live registry discovered; load/slot validation required per use
/6bcf475b-432c-696a-34fc-3db3582c5206/SCBK_scrapyard_window_bundle_01.SCBK_scrapyard_window_bundle_01,live registry discovered; load/slot validation required per use
/3ec6fd75-4932-5789-2277-258832f63874/SCBK_metal_chimney_01_L0.SCBK_metal_chimney_01_L0,live registry discovered; load/slot validation required per use
/2af82a4f-4e29-4ea4-9658-309b13ad4479/SCBK_modular_suncover_plate_512.SCBK_modular_suncover_plate_512,live registry discovered; load/slot validation required per use
/a4e85c3f-47fb-a780-baf3-b4bd3ff80b40/SCBK_scrapyard_ventilator_large_01.SCBK_scrapyard_ventilator_large_01,live registry discovered; load/slot validation required per use
/f63a23ff-4931-0ea5-2a37-3e98ef61750f/SCBK_metal_floor_G_L0.SCBK_metal_floor_G_L0,live registry discovered; load/slot validation required per use
/8188c809-458a-5190-a066-0182098014c2/SCBK_concrete_floor_tile_L0.SCBK_concrete_floor_tile_L0,live registry discovered; load/slot validation required per use
/0d0e4933-4d10-2501-4e2b-8a940c6ca18a/SCBK_concrete_floor_G_L0.SCBK_concrete_floor_G_L0,live registry discovered; load/slot validation required per use
/1a6822a1-498a-2708-da3f-2991f6fbf56e/SCBK_modular_metal_pipe_01.SCBK_modular_metal_pipe_01,live registry discovered; load/slot validation required per use
/da1427f1-45c4-a9a2-7007-3d971cd7c222/SCBK_broken_old_door_L0.SCBK_broken_old_door_L0,live registry discovered; load/slot validation required per use
/950f036f-4bb0-70a6-ad23-2e9611499854/SCBK_cardboard_boxes_01_01.SCBK_cardboard_boxes_01_01,live registry discovered; load/slot validation required per use
/03d8d4b9-4dfc-8945-2673-489c1af1e6f4/SCBK_cardboard_boxes_01_02.SCBK_cardboard_boxes_01_02,live registry discovered; load/slot validation required per use
/96613f00-42e9-ccd9-8601-628d749e015a/SCBK_cardboard_boxes_01_03.SCBK_cardboard_boxes_01_03,live registry discovered; load/slot validation required per use
/40a6eee5-46df-9fe0-26e3-c2a1ed12dfab/SCBK_cardboard_boxes_02_01.SCBK_cardboard_boxes_02_01,live registry discovered; load/slot validation required per use
/18787f5f-445d-3e24-4f1d-2186a0923868/SCBK_cardboard_boxes_02_02.SCBK_cardboard_boxes_02_02,live registry discovered; load/slot validation required per use
/1f0888e6-4400-8e8f-2444-d9b06a745704/SCBK_colored_toolboxes_blue_L0.SCBK_colored_toolboxes_blue_L0,live registry discovered; load/slot validation required per use
/24bd27b2-417a-d19e-d6d8-0799ed26944f/SCBK_colored_toolboxes_green_L0.SCBK_colored_toolboxes_green_L0,live registry discovered; load/slot validation required per use
/7ead5f2d-4db7-2bef-8bf2-b2b3c8a714a7/SCBK_colored_toolboxes_red_L0.SCBK_colored_toolboxes_red_L0,live registry discovered; load/slot validation required per use
/0bef2693-4a80-7d7d-b447-ebbf4a28353f/SCBK_concrete_pillar_round.SCBK_concrete_pillar_round,live registry discovered; load/slot validation required per use
/8f930106-44eb-da54-02cb-09b701b7276a/SCBK_concrete_pillar_squared.SCBK_concrete_pillar_squared,live registry discovered; load/slot validation required per use
/d15a8b8b-406e-7659-84f4-1cab66072efb/SCBK_fuse_box_01_L0.SCBK_fuse_box_01_L0,live registry discovered; load/slot validation required per use
/85b7fc21-4c3f-2f98-dc95-3080ad668f24/SCBK_fuse_box_02_L0.SCBK_fuse_box_02_L0,live registry discovered; load/slot validation required per use
/9098aec4-4a1d-93aa-6bdf-ce86cefd3908/SCBK_garbage_bin_01_L0.SCBK_garbage_bin_01_L0,live registry discovered; load/slot validation required per use
/f105b135-401a-b3cf-2489-01b79825c5e2/SCBK_graffiti_02_L0.SCBK_graffiti_02_L0,live registry discovered; load/slot validation required per use
/bbb030d8-4775-7e51-9a1f-34ac85566072/SCBK_graffiti_04_L0.SCBK_graffiti_04_L0,live registry discovered; load/slot validation required per use
/9c90ae8b-4ca3-0d7e-e9fd-abb865f39b58/SCBK_graffiti_05_L0.SCBK_graffiti_05_L0,live registry discovered; load/slot validation required per use
/0e20f206-49c8-72c7-511c-4bb0afd26082/SCBK_graffiti_06_L0.SCBK_graffiti_06_L0,live registry discovered; load/slot validation required per use
/c6dfc461-41d2-c6f6-89b3-e0b246a865ff/SCBK_graffiti_07_L0.SCBK_graffiti_07_L0,live registry discovered; load/slot validation required per use
/d5b9de73-4d66-d779-630e-a6926c93f225/SCBK_graffiti_08_L0.SCBK_graffiti_08_L0,live registry discovered; load/slot validation required per use
/70fcb482-4ccf-bf8f-83b9-4c9f13328ec9/SCBK_graffiti_09_L0.SCBK_graffiti_09_L0,live registry discovered; load/slot validation required per use
/5c775e73-4b4f-cac1-b2c7-0f85399abf9d/SCBK_graffiti_10_L0.SCBK_graffiti_10_L0,live registry discovered; load/slot validation required per use
/51b2fec4-4694-45fe-a398-c38845aa97b7/SCBK_graffiti_11_L0.SCBK_graffiti_11_L0,live registry discovered; load/slot validation required per use
/e0f46afd-4349-a525-9044-debc1a2469c1/SCBK_graffiti_12_L0.SCBK_graffiti_12_L0,live registry discovered; load/slot validation required per use
/a1ff2d03-4083-57f3-93c1-0f915019a388/SCBK_graffiti_13_L0.SCBK_graffiti_13_L0,live registry discovered; load/slot validation required per use
/1bbc38d1-461e-0547-0a63-e79567f44d56/SCBK_graffiti_14_L0.SCBK_graffiti_14_L0,live registry discovered; load/slot validation required per use
/b80fdf9c-40c0-9b45-418c-98a73b527896/SCBK_graffiti_15_L0.SCBK_graffiti_15_L0,live registry discovered; load/slot validation required per use
/b7f709aa-4959-ea2a-d850-5280158d56c0/SCBK_graffiti_16_L0.SCBK_graffiti_16_L0,live registry discovered; load/slot validation required per use
/451fccd0-4a94-3244-bfca-4ebec69c89ad/SCBK_hanging_wire_02_L0.SCBK_hanging_wire_02_L0,live registry discovered; load/slot validation required per use
/6e7ad605-4cbd-7d13-5b1d-2da5d4bae9d0/SCBK_large_satellite_dish_01_L0.SCBK_large_satellite_dish_01_L0,live registry discovered; load/slot validation required per use
/3b4e50be-4ae3-59e8-061e-c0929179ef94/SCBK_large_spotlight_01_L0.SCBK_large_spotlight_01_L0,live registry discovered; load/slot validation required per use
/8d09f710-4651-b1ff-1dc2-e4a77990270c/SCBK_medium_metal_box_L0.SCBK_medium_metal_box_L0,live registry discovered; load/slot validation required per use
/0c7c9f56-4a4b-a0d7-924f-608494c96d7c/SCBK_medium_satellite_dish_01_L0.SCBK_medium_satellite_dish_01_L0,live registry discovered; load/slot validation required per use
/6529d000-4537-997c-6678-7b9723df097d/SCBK_metal_barrel_03_L0.SCBK_metal_barrel_03_L0,live registry discovered; load/slot validation required per use
/abae0a5b-4e09-c4b6-2874-65854d4bee8d/SCBK_metal_door_01_L0.SCBK_metal_door_01_L0,live registry discovered; load/slot validation required per use
/e0e17436-46d1-7e07-2204-1fb8cb0c7146/SCBK_metal_letter_sign_01_L0.SCBK_metal_letter_sign_01_L0,live registry discovered; load/slot validation required per use
/13d72c97-4f2d-d915-4ad9-21a80e5d8f7d/SCBK_metal_windmill_01_L0.SCBK_metal_windmill_01_L0,live registry discovered; load/slot validation required per use
/e9cd7a28-411a-1148-ceca-3aa5b0d0bdea/SCBK_metal_windmill_02_L0.SCBK_metal_windmill_02_L0,live registry discovered; load/slot validation required per use
/bf512a35-44a0-8840-8c59-f1afb25506d4/SCBK_metal_catwalk_set_01_02_L0.SCBK_metal_catwalk_set_01_02_L0,live registry discovered; load/slot validation required per use
/ca13d1bc-4489-8ce3-fc89-a4af6ec9a74e/SCBK_metal_catwalk_set_01_03_L0.SCBK_metal_catwalk_set_01_03_L0,live registry discovered; load/slot validation required per use
/b2d10f7a-4964-dca2-1a9f-eeb71321de3c/SCBK_metal_catwalk_set_01_05_L0.SCBK_metal_catwalk_set_01_05_L0,live registry discovered; load/slot validation required per use
/2e37e66d-43b0-ecd0-040b-9183ef830cad/SCBK_metal_catwalk_set_01_06_L0.SCBK_metal_catwalk_set_01_06_L0,live registry discovered; load/slot validation required per use
/5d881703-471b-0e00-536f-23b72deaed6f/SCBK_modular_air_duct_pipe_01.SCBK_modular_air_duct_pipe_01,live registry discovered; load/slot validation required per use
/0a01c81c-4260-3f86-25f9-65ad0fdab729/SCBK_modular_air_duct_pipe_02.SCBK_modular_air_duct_pipe_02,live registry discovered; load/slot validation required per use
/e156ff25-47b1-6f48-44dd-d7a146571028/SCBK_modular_air_duct_pipe_03.SCBK_modular_air_duct_pipe_03,live registry discovered; load/slot validation required per use
/25be8ac8-4d1e-2981-2ee8-2cb183003d17/SCBK_modular_air_duct_pipe_04.SCBK_modular_air_duct_pipe_04,live registry discovered; load/slot validation required per use
/ac3d453d-4e50-4af0-cb67-f1972a1a1bbd/SCBK_modular_air_duct_pipe_05.SCBK_modular_air_duct_pipe_05,live registry discovered; load/slot validation required per use
/16156b94-4140-eb9c-d001-f29a1281c53f/SCBK_modular_air_duct_pipe_06.SCBK_modular_air_duct_pipe_06,live registry discovered; load/slot validation required per use
/f27c8c6c-451a-c603-1536-20bfdd8be200/SCBK_concrete_corner_pillar_L0.SCBK_concrete_corner_pillar_L0,live registry discovered; load/slot validation required per use
/4160d558-49ab-332e-7c40-9b835d75467e/SCBK_concrete_wall_clean_L0.SCBK_concrete_wall_clean_L0,live registry discovered; load/slot validation required per use
/3b4807a7-4ae0-bde5-8ca6-2aba6c4e8b7d/SCBK_concrete_wall_door_L0.SCBK_concrete_wall_door_L0,live registry discovered; load/slot validation required per use
/e1406e6e-4976-849c-fd53-408bd89d2816/SCBK_concrete_wall_door_window.SCBK_concrete_wall_door_window,live registry discovered; load/slot validation required per use
/3e2a4bfd-4051-26a5-34ba-7faa03d817a2/SCBK_concrete_wall_garage_door.SCBK_concrete_wall_garage_door,live registry discovered; load/slot validation required per use
/c9b49f07-4161-41f4-d3a9-71ae35279e80/SCBK_graffiti_01_L0.SCBK_graffiti_01_L0,live registry discovered; load/slot validation required per use
/244d19ad-4cba-8c2c-7007-8994593e0231/SCBK_modular_metal_pipe_01_corner.SCBK_modular_metal_pipe_01_corner,live registry discovered; load/slot validation required per use
/e224ea47-4175-cf95-b1ea-499ae12168e8/SCBK_modular_metal_pipe_01_double.SCBK_modular_metal_pipe_01_double,live registry discovered; load/slot validation required per use
/f66f1b88-434f-1fbe-19c5-11ae8ba73d84/SCBK_modular_metal_pipe_01_Tshape.SCBK_modular_metal_pipe_01_Tshape,live registry discovered; load/slot validation required per use
/e6980e07-4de3-574a-6dc5-4a9c4d75af07/SCBK_modular_metal_pipe_02.SCBK_modular_metal_pipe_02,live registry discovered; load/slot validation required per use
/f063941c-47d9-ff23-05a0-34af5fa19956/SCBK_modular_metal_pipe_02_corner.SCBK_modular_metal_pipe_02_corner,live registry discovered; load/slot validation required per use
/adbd2741-45f3-55be-d3b9-7eb03ca643f9/SCBK_modular_metal_pipe_02_double.SCBK_modular_metal_pipe_02_double,live registry discovered; load/slot validation required per use
/528903de-49b3-c89a-c676-02b7684880b1/SCBK_modular_metal_pipe_02_long.SCBK_modular_metal_pipe_02_long,live registry discovered; load/slot validation required per use
/2cb9719a-46d7-b40b-6483-1298b7389a16/SCBK_modular_metal_pipe_02_Tshape.SCBK_modular_metal_pipe_02_Tshape,live registry discovered; load/slot validation required per use
/9ba96d23-40dd-c06c-f060-1eb67f87c6c4/SCBK_modular_metal_shelf_02.SCBK_modular_metal_shelf_02,live registry discovered; load/slot validation required per use
/c6baffa3-4f96-ac6f-95c0-b89faf19f7da/SCBK_metal_corner_pillar_short.SCBK_metal_corner_pillar_short,live registry discovered; load/slot validation required per use
/83fd22ad-4236-aa49-e78d-d3bd5c3e4259/SCBK_metal_floor_tile_L0.SCBK_metal_floor_tile_L0,live registry discovered; load/slot validation required per use
/ac5db66c-4200-2479-bf87-2488883f95fd/SCBK_metal_wall_garage_door_L0.SCBK_metal_wall_garage_door_L0,live registry discovered; load/slot validation required per use
/34e3be95-4765-6867-9948-f5a1a24956e3/SCBK_metal_wall_roofing_side_L0.SCBK_metal_wall_roofing_side_L0,live registry discovered; load/slot validation required per use
/08f10ce3-4048-fc85-4c52-268fcc882fc3/SCBK_metal_wall_window_L0.SCBK_metal_wall_window_L0,live registry discovered; load/slot validation required per use
/db71498f-4e8c-a540-c690-f3bef61b6b9f/SCBK_modular_scrapyard_metal_fence_01_128.SCBK_modular_scrapyard_metal_fence_01_128,live registry discovered; load/slot validation required per use
/7a8197a0-4461-6615-4f43-b195c6e96f31/SCBK_modular_solar_panels_256.SCBK_modular_solar_panels_256,live registry discovered; load/slot validation required per use
/ceda63bf-4d0e-da24-447b-809a4ba23c98/SCBK_modular_solar_panels_512.SCBK_modular_solar_panels_512,live registry discovered; load/slot validation required per use
/e0b0c455-407c-ea2e-f6fd-39ad289a05f0/SCBK_modular_suncover_plate_256.SCBK_modular_suncover_plate_256,live registry discovered; load/slot validation required per use
/22c9b557-41e7-237a-8af9-73923a69afdf/SCBK_modular_wire_fence_door_double.SCBK_modular_wire_fence_door_double,live registry discovered; load/slot validation required per use
/731db821-4742-a322-08a9-e5a76072dd69/SCBK_modular_wire_fence_door_single.SCBK_modular_wire_fence_door_single,live registry discovered; load/slot validation required per use
/f62bc99f-48a7-5563-138f-a1a98566f720/SCBK_modular_wire_fence_small.SCBK_modular_wire_fence_small,live registry discovered; load/slot validation required per use
/d34f379b-4ef1-8b39-a795-acba68311f3b/SCBK_modular_wooden_catwalk_platform_01.SCBK_modular_wooden_catwalk_platform_01,live registry discovered; load/slot validation required per use
/7938efac-4ccf-a0ae-9d23-14b9e143a0f8/SCBK_wooden_roof_panels_01_L0.SCBK_wooden_roof_panels_01_L0,live registry discovered; load/slot validation required per use
/78c96d50-4759-2b75-1b96-53bf7df139e7/SCBK_wooden_roof_panels_02_L0.SCBK_wooden_roof_panels_02_L0,live registry discovered; load/slot validation required per use
/b8bc71ed-44e3-e930-7f5b-a89ff7bc4b40/SCBK_wooden_roof_panels_03_L0.SCBK_wooden_roof_panels_03_L0,live registry discovered; load/slot validation required per use
/e07c2de7-4f37-e78a-026f-769490547452/SCBK_wooden_roof_skeleton_01.SCBK_wooden_roof_skeleton_01,live registry discovered; load/slot validation required per use
/aed2ae08-42ab-4f70-0a36-c38b3cebd174/SCBK_wooden_roof_skeleton_02.SCBK_wooden_roof_skeleton_02,live registry discovered; load/slot validation required per use
/99cc6be4-4a32-a95e-c048-99a400591127/SCBK_monitor_01_L0.SCBK_monitor_01_L0,live registry discovered; load/slot validation required per use
/b84c2d8d-431a-b558-c062-2a80713e4403/SCBK_old_silo_large_01_L0.SCBK_old_silo_large_01_L0,live registry discovered; load/slot validation required per use
/b4c91a99-42a5-09b4-3167-e5978dcfe15a/SCBK_old_tower_L0.SCBK_old_tower_L0,live registry discovered; load/slot validation required per use
/26186a8c-44d0-e05b-664e-cc9de00cd2c6/SCBK_pa_01_L0.SCBK_pa_01_L0,live registry discovered; load/slot validation required per use
/5ad7d3c5-4628-9585-4432-15bd3e14f90a/SCBK_rectangular_vent_01_L0.SCBK_rectangular_vent_01_L0,live registry discovered; load/slot validation required per use
/4d781c32-4148-4160-02ee-73a4ec8dea4c/SCBK_reinforced_window_01_L0.SCBK_reinforced_window_01_L0,live registry discovered; load/slot validation required per use
/c6accd1f-40ce-0da5-5334-d981aea51b1f/SCBK_repurposed_bench_01_L0.SCBK_repurposed_bench_01_L0,live registry discovered; load/slot validation required per use
/ca14a991-4ea5-7658-9ca1-6fac453b03d6/SCBK_repurposed_chopper_windmill.SCBK_repurposed_chopper_windmill,live registry discovered; load/slot validation required per use
/8c9d4ee5-4055-671b-8c63-c7b640c550bb/SCBK_repurposed_highway_broken.SCBK_repurposed_highway_broken,live registry discovered; load/slot validation required per use
/d9ca0700-4a8a-0168-93d5-f3a6a739424a/SCBK_repurposed_highway_broken_part.SCBK_repurposed_highway_broken_part,live registry discovered; load/slot validation required per use
/4e314b93-4422-b5dd-8207-2eaeee607e7e/SCBK_repurposed_highway_part_L0.SCBK_repurposed_highway_part_L0,live registry discovered; load/slot validation required per use
/2370d86d-475f-9a09-5117-eb8516324e38/SCBK_repurposed_highway_pillar.SCBK_repurposed_highway_pillar,live registry discovered; load/slot validation required per use
/8f684e90-408a-11e7-2bda-caa3fcb53b7b/SCBK_repurposed_highway_rubble.SCBK_repurposed_highway_rubble,live registry discovered; load/slot validation required per use
/569d4a27-4b6f-a11d-393e-319e9dde3967/SCBK_repurposed_plane_cabin_L0.SCBK_repurposed_plane_cabin_L0,live registry discovered; load/slot validation required per use
/0af603ca-43b8-4bee-c84c-f0aff4d695f5/SCBK_repurposed_plane_engine_L0.SCBK_repurposed_plane_engine_L0,live registry discovered; load/slot validation required per use
/7921b9c8-4752-23f6-99b2-55bd4ee91bb7/SCBK_repurposed_plane_tail_L0.SCBK_repurposed_plane_tail_L0,live registry discovered; load/slot validation required per use
/847f66e8-4bdd-c607-31c3-6c84c080f7a2/SCBK_repurposed_plane_wing_L0.SCBK_repurposed_plane_wing_L0,live registry discovered; load/slot validation required per use
/b0f8435b-4fc8-649c-0902-2c887cc0832a/SCBK_repurposed_road_sign_01_L0.SCBK_repurposed_road_sign_01_L0,live registry discovered; load/slot validation required per use
/dd8a7d48-420a-c41c-1408-c6a9591979fc/SCBK_road_sign_circular_L0.SCBK_road_sign_circular_L0,live registry discovered; load/slot validation required per use
/9522ce50-4dd6-6556-d3ec-76a0cf6adb04/SCBK_road_sign_rectangle_long_L0.SCBK_road_sign_rectangle_long_L0,live registry discovered; load/slot validation required per use
/59fae232-46ec-46dc-f727-2f951200196d/SCBK_road_sign_rectangle_short.SCBK_road_sign_rectangle_short,live registry discovered; load/slot validation required per use
/05cdce7b-43b5-6139-2901-19994622f326/SCBK_road_sign_triangle1_L0.SCBK_road_sign_triangle1_L0,live registry discovered; load/slot validation required per use
/e1ac2909-4202-5429-5d59-f19684789e92/SCBK_road_sign_triangle2_L0.SCBK_road_sign_triangle2_L0,live registry discovered; load/slot validation required per use
/2a481c86-473f-719c-a0ff-14952c5c2761/SCBK_roof_ventilator_01_L0.SCBK_roof_ventilator_01_L0,live registry discovered; load/slot validation required per use
/97810af6-4e2a-a003-044a-f39c1935b97c/SCBK_round_vent_01_L0.SCBK_round_vent_01_L0,live registry discovered; load/slot validation required per use
/17a82394-4601-5809-e504-0a8e37457a2a/SCBK_scrapyard_gas_canister_01.SCBK_scrapyard_gas_canister_01,live registry discovered; load/slot validation required per use
/16d3f026-4c32-4d6d-86f5-f4baeb81e65c/SCBK_scrapyard_gas_canister_02.SCBK_scrapyard_gas_canister_02,live registry discovered; load/slot validation required per use
/b86d48e6-4b1f-061d-b310-9cbb1a864331/SCBK_scrapyard_gas_canister_03.SCBK_scrapyard_gas_canister_03,live registry discovered; load/slot validation required per use
/fea3fa8b-43c6-f3d2-c944-a496968dfe83/SCBK_scrapyard_mailbox_L0.SCBK_scrapyard_mailbox_L0,live registry discovered; load/slot validation required per use
/cdd0766c-4d82-4cd4-796d-d693186a6754/SCBK_scrapyard_outdoor_lamp_02.SCBK_scrapyard_outdoor_lamp_02,live registry discovered; load/slot validation required per use
/ee4e82ed-41a3-98a4-7794-69b0028dc0f9/SCBK_scrapyard_reinforced_canister.SCBK_scrapyard_reinforced_canister,live registry discovered; load/slot validation required per use
/73d5cb7d-436a-f219-e8d9-af88aafac82b/SCBK_scrapyard_tower_guardpost.SCBK_scrapyard_tower_guardpost,live registry discovered; load/slot validation required per use
/94988ddb-4ff0-e83e-1dcb-a39c801ea003/SCBK_scrapyard_ventilator_medium_01.SCBK_scrapyard_ventilator_medium_01,live registry discovered; load/slot validation required per use
/d973af59-425c-95dd-d880-6d83b3c6d881/SCBK_scrapyard_water_pump_base.SCBK_scrapyard_water_pump_base,live registry discovered; load/slot validation required per use
/fdc8fa79-4761-7358-3fb2-3fa10e85188e/SCBK_scrapyard_watertower_L0.SCBK_scrapyard_watertower_L0,live registry discovered; load/slot validation required per use
/ff810d76-40e9-1ad7-6c26-f59022368b5f/SCBK_scrapyard_window_bundle_02.SCBK_scrapyard_window_bundle_02,live registry discovered; load/slot validation required per use
/147b5e51-443e-f27e-2aca-d1ad44c7fe61/SCBK_scrapyard_window_bundle_03.SCBK_scrapyard_window_bundle_03,live registry discovered; load/slot validation required per use
/366783b9-441e-e992-d567-3e8f7e7e0513/SCBK_scrapyard_window_bundle_04.SCBK_scrapyard_window_bundle_04,live registry discovered; load/slot validation required per use
/307ad305-4ad8-a8e0-fe5d-ad91204b01d1/SCBK_shipping_container_b_1024.SCBK_shipping_container_b_1024,live registry discovered; load/slot validation required per use
/207ec8b0-420f-2af9-4369-f5b393e6774c/SCBK_shipping_container_g_1024.SCBK_shipping_container_g_1024,live registry discovered; load/slot validation required per use
/c83b2185-40e7-774c-5525-38a2d6a438df/SCBK_shipping_container_r_1024.SCBK_shipping_container_r_1024,live registry discovered; load/slot validation required per use
/053ecf96-41ac-1643-f467-c19c56612b6f/SCBK_shipping_container_r_512.SCBK_shipping_container_r_512,live registry discovered; load/slot validation required per use
/25fed967-403a-3d1d-b8de-178147b7657d/SCBK_shipping_container_y_1024.SCBK_shipping_container_y_1024,live registry discovered; load/slot validation required per use
/f09300b3-4113-5cc7-98d4-c79956470015/SCBK_shipping_container_y_512.SCBK_shipping_container_y_512,live registry discovered; load/slot validation required per use
/79988815-4501-9c65-806d-5bbec2ac6cb1/SCBK_small_satelite_dish_01_L0.SCBK_small_satelite_dish_01_L0,live registry discovered; load/slot validation required per use
/b2e8fcbd-4773-1ec4-b61a-7facbce50372/SCBK_stove_variant_L0.SCBK_stove_variant_L0,live registry discovered; load/slot validation required per use
/a8328393-4fc6-2167-3056-27a0472c02dc/SCBK_tarp_triangle_L0.SCBK_tarp_triangle_L0,live registry discovered; load/slot validation required per use
/00712434-431c-0eea-b146-ae89428c893b/SCBK_tractor_tire_02_01_L0.SCBK_tractor_tire_02_01_L0,live registry discovered; load/slot validation required per use
/06bed60c-40cd-c0f1-d32f-9aaadebed254/SCBK_tractor_tire_02_02_L0.SCBK_tractor_tire_02_02_L0,live registry discovered; load/slot validation required per use
/59eeea1e-4428-172e-32d9-b5972d91644f/SCBK_used_paint_cans_L0.SCBK_used_paint_cans_L0,live registry discovered; load/slot validation required per use
/a301a04a-419a-eff6-be95-0a804f997e50/SCBK_wallmounted_tire_set_01_L0.SCBK_wallmounted_tire_set_01_L0,live registry discovered; load/slot validation required per use
/bf0c031e-447a-4cef-e400-4dbce4b76960/SCBK_wallmounted_tire_set_02_L0.SCBK_wallmounted_tire_set_02_L0,live registry discovered; load/slot validation required per use
/8d6ee674-4ef0-d2f4-2723-af9d9ca176ea/SCBK_window_01_L0.SCBK_window_01_L0,live registry discovered; load/slot validation required per use
/ce057b99-429e-63a2-0ccb-f499a0d1573b/SCBK_window_02_L0.SCBK_window_02_L0,live registry discovered; load/slot validation required per use
/9ca617f3-47f5-598f-b178-2d870fce372b/SCBK_window_old_2_L0.SCBK_window_old_2_L0,live registry discovered; load/slot validation required per use
/9a15136f-48b3-74ff-7229-0db463f8018d/SCBK_window_old_3_L0.SCBK_window_old_3_L0,live registry discovered; load/slot validation required per use
/5e31f8c9-4912-8801-4a14-2e86e4628dd9/SCBK_wooden_beam_01_L0.SCBK_wooden_beam_01_L0,live registry discovered; load/slot validation required per use
/3d9664f2-4e4d-95dc-c4be-88bdd765ede8/SCBK_wooden_catwalk_set_01_01_L0.SCBK_wooden_catwalk_set_01_01_L0,live registry discovered; load/slot validation required per use
/d0134a82-46ab-e92e-85a5-a39e74cc6a56/SCBK_wooden_catwalk_set_01_02_L0.SCBK_wooden_catwalk_set_01_02_L0,live registry discovered; load/slot validation required per use
/7b95d001-4fa7-d6f8-7bc0-f8876d6eaf56/SCBK_wooden_catwalk_set_01_03_L0.SCBK_wooden_catwalk_set_01_03_L0,live registry discovered; load/slot validation required per use
/c2616634-4a21-1f8e-1d7f-e794ef35d128/SCBK_wooden_catwalk_set_01_04_L0.SCBK_wooden_catwalk_set_01_04_L0,live registry discovered; load/slot validation required per use
/602076bc-4425-f948-f394-0689231a41a9/SCBK_wooden_catwalk_set_01_05_L0.SCBK_wooden_catwalk_set_01_05_L0,live registry discovered; load/slot validation required per use
/dbf94749-4b85-eb77-667f-4a83ec8103ef/SCBK_wooden_catwalk_set_01_06_L0.SCBK_wooden_catwalk_set_01_06_L0,live registry discovered; load/slot validation required per use
/92340a7b-482e-8cd9-81c5-678f183ef63a/SCBK_wooden_catwalk_set_01_07_L0.SCBK_wooden_catwalk_set_01_07_L0,live registry discovered; load/slot validation required per use
/04228901-4176-925c-3f5c-319a158a6489/SCBK_wooden_crane_01_L0.SCBK_wooden_crane_01_L0,live registry discovered; load/slot validation required per use
/ccf6c157-485d-74fc-513c-6786e3c07fd3/SCBK_wooden_plank_panel_01_L0.SCBK_wooden_plank_panel_01_L0,live registry discovered; load/slot validation required per use
/046c7a4d-4c2c-4f81-28c3-06904c60dea1/SCBK_wooden_plank_panel_02_L0.SCBK_wooden_plank_panel_02_L0,live registry discovered; load/slot validation required per use
/91eb4905-4664-1839-a0bc-e0b2bd3323bb/SCBK_wooden_powerline_01_L0.SCBK_wooden_powerline_01_L0,live registry discovered; load/slot validation required per use
/0f78ebce-4d82-edad-5c55-05b86f666e89/SCBK_modular_metal_pipe_01_Tshape_vent.SCBK_modular_metal_pipe_01_Tshape_vent,live registry discovered; load/slot validation required per use
/64424fdd-4992-e075-751e-149760f9336e/SCBK_modular_metal_pipe_02_Tshape_vent.SCBK_modular_metal_pipe_02_Tshape_vent,live registry discovered; load/slot validation required per use
/e034adff-43d0-d0c1-ca22-3a8edc0fe7a6/SCBK_modular_scrapyard_metal_fence_01_256.SCBK_modular_scrapyard_metal_fence_01_256,live registry discovered; load/slot validation required per use
/dfdc5fa2-4a91-8672-7c32-8387f05d808f/SCBK_modular_wooden_catwalk_platform_02.SCBK_modular_wooden_catwalk_platform_02,live registry discovered; load/slot validation required per use
/78d1370c-4ea6-9496-a66e-c6bf844e653e/SCBK_modular_wooden_catwalk_platform_03.SCBK_modular_wooden_catwalk_platform_03,live registry discovered; load/slot validation required per use
/e6c67b5f-4b6c-eacd-a749-c3864ba8c989/SCBK_scrapyard_reinforced_canister_blue.SCBK_scrapyard_reinforced_canister_blue,live registry discovered; load/slot validation required per use
/1a511075-4ac3-d4e8-4dbc-508932d27c8f/SCBK_garbage_bin_02_L0.SCBK_garbage_bin_02_L0,live registry discovered; load/slot validation required per use
/16f168cd-491e-b27e-33d1-cebe9cc7b8cb/SCBK_concrete_wall_window_L0.SCBK_concrete_wall_window_L0,live registry discovered; load/slot validation required per use
